Workbook
Name teams: [1]Prices!$B$3:$I$34

Sheet Include
A1: EntryName | B1: Email
A2: Corey Strand | B2: corey.j.strand@gmail.com
A3: Corey Strand V2 | B3: corey.j.strand@gmail.com
A4: petelochner1 | B4: Peter.Lochner@ampf.com
A5: MatthewSchaefer | B5: mschaefer0825@gmail.com
A6: Marissa Cleaveland2 | B6: Marissa.Cleaveland@nimblelytic.com
A7: John Falck | B7: John@contractcaulking.com
A8: Manson1ColumbusGotLost | B8: paul@claireandpaul.net
A9: Manson2SudAmericaDrama | B9: paul@claireandpaul.net
A10: Manson3HeartofHearts | B10: paul@claireandpaul.net
A11: NickHanson1 | B11: Nicholas.Hanson@ampf.com
A12: NickHanson2 | B12: Nicholas.Hanson@ampf.com
... A101: Andy F2 | B101: dignund@yahoo.com

Sheet PickList
A1: Entry | B1: Attribute | C1: Value | D1: PickTyoe
A2: Corey Strand | B2: Team 1 | C2: Germany | D2: long
A3: Corey Strand | B3: Team 2 | C3: Norway | D3: long
A4: Corey Strand | B4: Team 3 | C4: Netherlands | D4: long
A5: Corey Strand | B5: Team 4 | C5: Japan | D5: long
A6: Corey Strand | B6: Team 5 | C6: Mexico | D6: long
A7: Corey Strand | B7: Team 6 | C7: Qatar | D7: long
A8: Corey Strand | B8: Short | C8: England | D8: short
A9: Corey Strand V2 | B9: Team 1 | C9: England | D9: long
A10: Corey Strand V2 | B10: Team 2 | C10: Spain | D10: long
A11: Corey Strand V2 | B11: Team 3 | C11: Algeria | D11: long
A12: Corey Strand V2 | B12: Short | C12: Belgium | D12: short
... A649: Andy F2 | B649: Short | C649: Portugal | D649: short

Sheet Entries
B1: Entry | C1: Team 1 | D1: Team 2 | E1: Team 3 | F1: Team 4 | G1: Team 5 | H1: Team 6 | I1: Team 7 | J1: Team 8 | K1: Team 9 | L1: Short | N1: 1 | O1: 2 | P1: 3 | Q1: 4 | R1: 5 | S1: 6 | T1: 7 | U1: 8 | V1: 9 | W1: S
B2: Corey Strand | C2: Germany | D2: Norway | E2: Netherlands | F2: Japan | G2: Mexico | H2: Qatar | L2: England | N2: =IFERROR(HLOOKUP(C2,Standings!$F$3:$BA$5,3,FALSE),0) -> 45 | O2: =IFERROR(HLOOKUP(D2,Standings!$F$3:$BA$5,3,FALSE),0) -> 30 | P2: =IFERROR(HLOOKUP(E2,Standings!$F$3:$BA$5,3,FALSE),0) -> 35 | Q2: =IFERROR(HLOOKUP(F2,Standings!$F$3:$BA$5,3,FALSE),0) -> 20 | R2: =IFERROR(HLOOKUP(G2,Standings!$F$3:$BA$5,3,FALSE),0) -> 27 | S2: =IFERROR(HLOOKUP(H2,Standings!$F$3:$BA$5,3,FALSE),0) -> 3 | T2: =IFERROR(HLOOKUP(I2,Standings!$F$3:$BA$5,3,FALSE),0) -> 0 | U2: =IFERROR(HLOOKUP(J2,Standings!$F$3:$BA$5,3,FALSE),0) -> 0 | V2: =IFERROR(HLOOKUP(K2,Standings!$F$3:$BA$5,3,FALSE),0) -> 0 | W2: =-IFERROR(HLOOKUP(L2,Standings!$F$3:$BA$5,3,FALSE),0) -> -60 | X2: =SUM(N2:W2) -> 100
B3: Corey Strand V2 | C3: England | D3: Spain | E3: Algeria | L3: Belgium | N3: =IFERROR(HLOOKUP(C3,Standings!$F$3:$BA$5,3,FALSE),0) -> 60 | O3: =IFERROR(HLOOKUP(D3,Standings!$F$3:$BA$5,3,FALSE),0) -> 70 | P3: =IFERROR(HLOOKUP(E3,Standings!$F$3:$BA$5,3,FALSE),0) -> 8 | Q3: =IFERROR(HLOOKUP(F3,Standings!$F$3:$BA$5,3,FALSE),0) -> 0 | R3: =IFERROR(HLOOKUP(G3,Standings!$F$3:$BA$5,3,FALSE),0) -> 0 | S3: =IFERROR(HLOOKUP(H3,Standings!$F$3:$BA$5,3,FALSE),0) -> 0 | T3: =IFERROR(HLOOKUP(I3,Standings!$F$3:$BA$5,3,FALSE),0) -> 0 | U3: =IFERROR(HLOOKUP(J3,Standings!$F$3:$BA$5,3,FALSE),0) -> 0 | V3: =IFERROR(HLOOKUP(K3,Standings!$F$3:$BA$5,3,FALSE),0) -> 0 | W3: =-IFERROR(HLOOKUP(L3,Standings!$F$3:$BA$5,3,FALSE),0) -> -38 | X3: =SUM(N3:W3) -> 100
B4: petelochner1 | C4: Spain | D4: Austria | E4: Croatia | F4: Belgium | G4: USA | L4: England | N4: =IFERROR(HLOOKUP(C4,Standings!$F$3:$BA$5,3,FALSE),0) -> 70 | O4: =IFERROR(HLOOKUP(D4,Standings!$F$3:$BA$5,3,FALSE),0) -> 12 | P4: =IFERROR(HLOOKUP(E4,Standings!$F$3:$BA$5,3,FALSE),0) -> 16 | Q4: =IFERROR(HLOOKUP(F4,Standings!$F$3:$BA$5,3,FALSE),0) -> 38 | R4: =IFERROR(HLOOKUP(G4,Standings!$F$3:$BA$5,3,FALSE),0) -> 23 | S4: =IFERROR(HLOOKUP(H4,Standings!$F$3:$BA$5,3,FALSE),0) -> 0 | T4: =IFERROR(HLOOKUP(I4,Standings!$F$3:$BA$5,3,FALSE),0) -> 0 | U4: =IFERROR(HLOOKUP(J4,Standings!$F$3:$BA$5,3,FALSE),0) -> 0 | V4: =IFERROR(HLOOKUP(K4,Standings!$F$3:$BA$5,3,FALSE),0) -> 0 | W4: =-IFERROR(HLOOKUP(L4,Standings!$F$3:$BA$5,3,FALSE),0) -> -60 | X4: =SUM(N4:W4) -> 99
B5: MatthewSchaefer | C5: Argentina | D5: Spain | E5: Norway | L5: Brazil | N5: =IFERROR(HLOOKUP(C5,Standings!$F$3:$BA$5,3,FALSE),0) -> 52 | O5: =IFERROR(HLOOKUP(D5,Standings!$F$3:$BA$5,3,FALSE),0) -> 70 | P5: =IFERROR(HLOOKUP(E5,Standings!$F$3:$BA$5,3,FALSE),0) -> 30 | Q5: =IFERROR(HLOOKUP(F5,Standings!$F$3:$BA$5,3,FALSE),0) -> 0 | R5: =IFERROR(HLOOKUP(G5,Standings!$F$3:$BA$5,3,FALSE),0) -> 0 | S5: =IFERROR(HLOOKUP(H5,Standings!$F$3:$BA$5,3,FALSE),0) -> 0 | T5: =IFERROR(HLOOKUP(I5,Standings!$F$3:$BA$5,3,FALSE),0) -> 0 | U5: =IFERROR(HLOOKUP(J5,Standings!$F$3:$BA$5,3,FALSE),0) -> 0 | V5: =IFERROR(HLOOKUP(K5,Standings!$F$3:$BA$5,3,FALSE),0) -> 0 | W5: =-IFERROR(HLOOKUP(L5,Standings!$F$3:$BA$5,3,FALSE),0) -> -54 | X5: =SUM(N5:W5) -> 98
B6: Marissa Cleaveland2 | C6: Netherlands | D6: Türkiye | E6: Croatia | F6: Ecuador | G6: Czechia | N6: =IFERROR(HLOOKUP(C6,Standings!$F$3:$BA$5,3,FALSE),0) -> 35 | O6: =IFERROR(HLOOKUP(D6,Standings!$F$3:$BA$5,3,FALSE),0) -> 20 | P6: =IFERROR(HLOOKUP(E6,Standings!$F$3:$BA$5,3,FALSE),0) -> 16 | Q6: =IFERROR(HLOOKUP(F6,Standings!$F$3:$BA$5,3,FALSE),0) -> 17 | R6: =IFERROR(HLOOKUP(G6,Standings!$F$3:$BA$5,3,FALSE),0) -> 12 | S6: =IFERROR(HLOOKUP(H6,Standings!$F$3:$BA$5,3,FALSE),0) -> 0 | T6: =IFERROR(HLOOKUP(I6,Standings!$F$3:$BA$5,3,FALSE),0) -> 0 | U6: =IFERROR(HLOOKUP(J6,Standings!$F$3:$BA$5,3,FALSE),0) -> 0 | V6: =IFERROR(HLOOKUP(K6,Standings!$F$3:$BA$5,3,FALSE),0) -> 0 | W6: =-IFERROR(HLOOKUP(L6,Standings!$F$3:$BA$5,3,FALSE),0) -> 0 | X6: =SUM(N6:W6) -> 100
B7: John Falck | C7: Jordan | D7: England | E7: Qatar | F7: Sweden | G7: New Zealand | H7: France | L7: Argentina | N7: =IFERROR(HLOOKUP(C7,Standings!$F$3:$BA$5,3,FALSE),0) -> 3 | O7: =IFERROR(HLOOKUP(D7,Standings!$F$3:$BA$5,3,FALSE),0) -> 60 | P7: =IFERROR(HLOOKUP(E7,Standings!$F$3:$BA$5,3,FALSE),0) -> 3 | Q7: =IFERROR(HLOOKUP(F7,Standings!$F$3:$BA$5,3,FALSE),0) -> 14 | R7: =IFERROR(HLOOKUP(G7,Standings!$F$3:$BA$5,3,FALSE),0) -> 4 | S7: =IFERROR(HLOOKUP(H7,Standings!$F$3:$BA$5,3,FALSE),0) -> 68 | T7: =IFERROR(HLOOKUP(I7,Standings!$F$3:$BA$5,3,FALSE),0) -> 0 | U7: =IFERROR(HLOOKUP(J7,Standings!$F$3:$BA$5,3,FALSE),0) -> 0 | V7: =IFERROR(HLOOKUP(K7,Standings!$F$3:$BA$5,3,FALSE),0) -> 0 | W7: =-IFERROR(HLOOKUP(L7,Standings!$F$3:$BA$5,3,FALSE),0) -> -52 | X7: =SUM(N7:W7) -> 100
B8: Manson1ColumbusGotLost | C8: France | D8: Germany | E8: Mexico | F8: Switzerland | L8: Spain | N8: =IFERROR(HLOOKUP(C8,Standings!$F$3:$BA$5,3,FALSE),0) -> 68 | O8: =IFERROR(HLOOKUP(D8,Standings!$F$3:$BA$5,3,FALSE),0) -> 45 | P8: =IFERROR(HLOOKUP(E8,Standings!$F$3:$BA$5,3,FALSE),0) -> 27 | Q8: =IFERROR(HLOOKUP(F8,Standings!$F$3:$BA$5,3,FALSE),0) -> 26 | R8: =IFERROR(HLOOKUP(G8,Standings!$F$3:$BA$5,3,FALSE),0) -> 0 | S8: =IFERROR(HLOOKUP(H8,Standings!$F$3:$BA$5,3,FALSE),0) -> 0 | T8: =IFERROR(HLOOKUP(I8,Standings!$F$3:$BA$5,3,FALSE),0) -> 0 | U8: =IFERROR(HLOOKUP(J8,Standings!$F$3:$BA$5,3,FALSE),0) -> 0 | V8: =IFERROR(HLOOKUP(K8,Standings!$F$3:$BA$5,3,FALSE),0) -> 0 | W8: =-IFERROR(HLOOKUP(L8,Standings!$F$3:$BA$5,3,FALSE),0) -> -70 | X8: =SUM(N8:W8) -> 96
B9: Manson2SudAmericaDrama | C9: Argentina | D9: Portugal | E9: Japan | F9: Morocco | G9: Haiti | H9: Panama | L9: Brazil | N9: =IFERROR(HLOOKUP(C9,Standings!$F$3:$BA$5,3,FALSE),0) -> 52 | O9: =IFERROR(HLOOKUP(D9,Standings!$F$3:$BA$5,3,FALSE),0) -> 50 | P9: =IFERROR(HLOOKUP(E9,Standings!$F$3:$BA$5,3,FALSE),0) -> 20 | Q9: =IFERROR(HLOOKUP(F9,Standings!$F$3:$BA$5,3,FALSE),0) -> 21 | R9: =IFERROR(HLOOKUP(G9,Standings!$F$3:$BA$5,3,FALSE),0) -> 5 | S9: =IFERROR(HLOOKUP(H9,Standings!$F$3:$BA$5,3,FALSE),0) -> 5 | T9: =IFERROR(HLOOKUP(I9,Standings!$F$3:$BA$5,3,FALSE),0) -> 0 | U9: =IFERROR(HLOOKUP(J9,Standings!$F$3:$BA$5,3,FALSE),0) -> 0 | V9: =IFERROR(HLOOKUP(K9,Standings!$F$3:$BA$5,3,FALSE),0) -> 0 | W9: =-IFERROR(HLOOKUP(L9,Standings!$F$3:$BA$5,3,FALSE),0) -> -54 | X9: =SUM(N9:W9) -> 99
B10: Manson3HeartofHearts | C10: France | D10: USA | E10: Japan | F10: Croatia | G10: Czechia | H10: Senegal | I10: Ghana | L10: England | N10: =IFERROR(HLOOKUP(C10,Standings!$F$3:$BA$5,3,FALSE),0) -> 68 | O10: =IFERROR(HLOOKUP(D10,Standings!$F$3:$BA$5,3,FALSE),0) -> 23 | P10: =IFERROR(HLOOKUP(E10,Standings!$F$3:$BA$5,3,FALSE),0) -> 20 | Q10: =IFERROR(HLOOKUP(F10,Standings!$F$3:$BA$5,3,FALSE),0) -> 16 | R10: =IFERROR(HLOOKUP(G10,Standings!$F$3:$BA$5,3,FALSE),0) -> 12 | S10: =IFERROR(HLOOKUP(H10,Standings!$F$3:$BA$5,3,FALSE),0) -> 13 | T10: =IFERROR(HLOOKUP(I10,Standings!$F$3:$BA$5,3,FALSE),0) -> 7 | U10: =IFERROR(HLOOKUP(J10,Standings!$F$3:$BA$5,3,FALSE),0) -> 0 | V10: =IFERROR(HLOOKUP(K10,Standings!$F$3:$BA$5,3,FALSE),0) -> 0 | W10: =-IFERROR(HLOOKUP(L10,Standings!$F$3:$BA$5,3,FALSE),0) -> -60 | X10: =SUM(N10:W10) -> 99
B11: NickHanson1 | C11: Argentina | D11: Mexico | E11: Türkiye | F11: Canada | G11: Uruguay | H11: Ecuador | I11: Scotland | J11: Panama | K11: Jordan | L11: Spain | N11: =IFERROR(HLOOKUP(C11,Standings!$F$3:$BA$5,3,FALSE),0) -> 52 | O11: =IFERROR(HLOOKUP(D11,Standings!$F$3:$BA$5,3,FALSE),0) -> 27 | P11: =IFERROR(HLOOKUP(E11,Standings!$F$3:$BA$5,3,FALSE),0) -> 20 | Q11: =IFERROR(HLOOKUP(F11,Standings!$F$3:$BA$5,3,FALSE),0) -> 19 | R11: =IFERROR(HLOOKUP(G11,Standings!$F$3:$BA$5,3,FALSE),0) -> 18 | S11: =IFERROR(HLOOKUP(H11,Standings!$F$3:$BA$5,3,FALSE),0) -> 17 | T11: =IFERROR(HLOOKUP(I11,Standings!$F$3:$BA$5,3,FALSE),0) -> 9 | U11: =IFERROR(HLOOKUP(J11,Standings!$F$3:$BA$5,3,FALSE),0) -> 5 | V11: =IFERROR(HLOOKUP(K11,Standings!$F$3:$BA$5,3,FALSE),0) -> 3 | W11: =-IFERROR(HLOOKUP(L11,Standings!$F$3:$BA$5,3,FALSE),0) -> -70 | X11: =SUM(N11:W11) -> 100
B12: NickHanson2 | C12: Brazil | D12: Germany | E12: Mexico | F12: Ecuador | G12: Algeria | H12: Australia | I12: Egypt | L12: France | N12: =IFERROR(HLOOKUP(C12,Standings!$F$3:$BA$5,3,FALSE),0) -> 54 | O12: =IFERROR(HLOOKUP(D12,Standings!$F$3:$BA$5,3,FALSE),0) -> 45 | P12: =IFERROR(HLOOKUP(E12,Standings!$F$3:$BA$5,3,FALSE),0) -> 27 | Q12: =IFERROR(HLOOKUP(F12,Standings!$F$3:$BA$5,3,FALSE),0) -> 17 | R12: =IFERROR(HLOOKUP(G12,Standings!$F$3:$BA$5,3,FALSE),0) -> 8 | S12: =IFERROR(HLOOKUP(H12,Standings!$F$3:$BA$5,3,FALSE),0) -> 7 | T12: =IFERROR(HLOOKUP(I12,Standings!$F$3:$BA$5,3,FALSE),0) -> 10 | U12: =IFERROR(HLOOKUP(J12,Standings!$F$3:$BA$5,3,FALSE),0) -> 0 | V12: =IFERROR(HLOOKUP(K12,Standings!$F$3:$BA$5,3,FALSE),0) -> 0 | W12: =-IFERROR(HLOOKUP(L12,Standings!$F$3:$BA$5,3,FALSE),0) -> -68 | X12: =SUM(N12:W12) -> 100
B13: shoup1 | C13: USA | D13: Canada | E13: Colombia | F13: Sweden | G13: Morocco | H13: Ecuador | I13: Croatia | L13: Netherlands | N13: =IFERROR(HLOOKUP(C13,Standings!$F$3:$BA$5,3,FALSE),0) -> 23 | O13: =IFERROR(HLOOKUP(D13,Standings!$F$3:$BA$5,3,FALSE),0) -> 19 | P13: =IFERROR(HLOOKUP(E13,Standings!$F$3:$BA$5,3,FALSE),0) -> 25 | Q13: =IFERROR(HLOOKUP(F13,Standings!$F$3:$BA$5,3,FALSE),0) -> 14 | R13: =IFERROR(HLOOKUP(G13,Standings!$F$3:$BA$5,3,FALSE),0) -> 21 | S13: =IFERROR(HLOOKUP(H13,Standings!$F$3:$BA$5,3,FALSE),0) -> 17 | T13: =IFERROR(HLOOKUP(I13,Standings!$F$3:$BA$5,3,FALSE),0) -> 16 | U13: =IFERROR(HLOOKUP(J13,Standings!$F$3:$BA$5,3,FALSE),0) -> 0 | V13: =IFERROR(HLOOKUP(K13,Standings!$F$3:$BA$5,3,FALSE),0) -> 0 | W13: =-IFERROR(HLOOKUP(L13,Standings!$F$3:$BA$5,3,FALSE),0) -> -35 | X13: =SUM(N13:W13) -> 100
B14: shoup2 | C14: Germany | D14: Türkiye | E14: Switzerland | F14: Belgium | L14: Norway | N14: =IFERROR(HLOOKUP(C14,Standings!$F$3:$BA$5,3,FALSE),0) -> 45 | O14: =IFERROR(HLOOKUP(D14,Standings!$F$3:$BA$5,3,FALSE),0) -> 20 | P14: =IFERROR(HLOOKUP(E14,Standings!$F$3:$BA$5,3,FALSE),0) -> 26 | Q14: =IFERROR(HLOOKUP(F14,Standings!$F$3:$BA$5,3,FALSE),0) -> 38 | R14: =IFERROR(HLOOKUP(G14,Standings!$F$3:$BA$5,3,FALSE),0) -> 0 | S14: =IFERROR(HLOOKUP(H14,Standings!$F$3:$BA$5,3,FALSE),0) -> 0 | T14: =IFERROR(HLOOKUP(I14,Standings!$F$3:$BA$5,3,FALSE),0) -> 0 | U14: =IFERROR(HLOOKUP(J14,Standings!$F$3:$BA$5,3,FALSE),0) -> 0 | V14: =IFERROR(HLOOKUP(K14,Standings!$F$3:$BA$5,3,FALSE),0) -> 0 | W14: =-IFERROR(HLOOKUP(L14,Standings!$F$3:$BA$5,3,FALSE),0) -> -30 | X14: =SUM(N14:W14) -> 99
B15: AbbieSchaeferWorldCupPicks | C15: France | D15: Germany | E15: Belgium | L15: Argentina | N15: =IFERROR(HLOOKUP(C15,Standings!$F$3:$BA$5,3,FALSE),0) -> 68 | O15: =IFERROR(HLOOKUP(D15,Standings!$F$3:$BA$5,3,FALSE),0) -> 45 | P15: =IFERROR(HLOOKUP(E15,Standings!$F$3:$BA$5,3,FALSE),0) -> 38 | Q15: =IFERROR(HLOOKUP(F15,Standings!$F$3:$BA$5,3,FALSE),0) -> 0 | R15: =IFERROR(HLOOKUP(G15,Standings!$F$3:$BA$5,3,FALSE),0) -> 0 | S15: =IFERROR(HLOOKUP(H15,Standings!$F$3:$BA$5,3,FALSE),0) -> 0 | T15: =IFERROR(HLOOKUP(I15,Standings!$F$3:$BA$5,3,FALSE),0) -> 0 | U15: =IFERROR(HLOOKUP(J15,Standings!$F$3:$BA$5,3,FALSE),0) -> 0 | V15: =IFERROR(HLOOKUP(K15,Standings!$F$3:$BA$5,3,FALSE),0) -> 0 | W15: =-IFERROR(HLOOKUP(L15,Standings!$F$3:$BA$5,3,FALSE),0) -> -52 | X15: =SUM(N15:W15) -> 99
B16: JoelsBalance | C16: Portugal | D16: Mexico | E16: Switzerland | F16: Egypt | G16: Senegal | H16: Australia | I16: Tunisia | J16: Panama | L16: Germany | N16: =IFERROR(HLOOKUP(C16,Standings!$F$3:$BA$5,3,FALSE),0) -> 50 | O16: =IFERROR(HLOOKUP(D16,Standings!$F$3:$BA$5,3,FALSE),0) -> 27 | P16: =IFERROR(HLOOKUP(E16,Standings!$F$3:$BA$5,3,FALSE),0) -> 26 | Q16: =IFERROR(HLOOKUP(F16,Standings!$F$3:$BA$5,3,FALSE),0) -> 10 | R16: =IFERROR(HLOOKUP(G16,Standings!$F$3:$BA$5,3,FALSE),0) -> 13 | S16: =IFERROR(HLOOKUP(H16,Standings!$F$3:$BA$5,3,FALSE),0) -> 7 | T16: =IFERROR(HLOOKUP(I16,Standings!$F$3:$BA$5,3,FALSE),0) -> 7 | U16: =IFERROR(HLOOKUP(J16,Standings!$F$3:$BA$5,3,FALSE),0) -> 5 | V16: =IFERROR(HLOOKUP(K16,Standings!$F$3:$BA$5,3,FALSE),0) -> 0 | W16: =-IFERROR(HLOOKUP(L16,Standings!$F$3:$BA$5,3,FALSE),0) -> -45 | X16: =SUM(N16:W16) -> 100
B17: JoelsBigShort | C17: Netherlands | D17: Switzerland | E17: Mexico | F17: Japan | G17: Canada | H17: Croatia | I17: Austria | J17: Egypt | K17: Curaçao | L17: France | N17: =IFERROR(HLOOKUP(C17,Standings!$F$3:$BA$5,3,FALSE),0) -> 35 | O17: =IFERROR(HLOOKUP(D17,Standings!$F$3:$BA$5,3,FALSE),0) -> 26 | P17: =IFERROR(HLOOKUP(E17,Standings!$F$3:$BA$5,3,FALSE),0) -> 27 | Q17: =IFERROR(HLOOKUP(F17,Standings!$F$3:$BA$5,3,FALSE),0) -> 20 | R17: =IFERROR(HLOOKUP(G17,Standings!$F$3:$BA$5,3,FALSE),0) -> 19 | S17: =IFERROR(HLOOKUP(H17,Standings!$F$3:$BA$5,3,FALSE),0) -> 16 | T17: =IFERROR(HLOOKUP(I17,Standings!$F$3:$BA$5,3,FALSE),0) -> 12 | U17: =IFERROR(HLOOKUP(J17,Standings!$F$3:$BA$5,3,FALSE),0) -> 10 | V17: =IFERROR(HLOOKUP(K17,Standings!$F$3:$BA$5,3,FALSE),0) -> 3 | W17: =-IFERROR(HLOOKUP(L17,Standings!$F$3:$BA$5,3,FALSE),0) -> -68 | X17: =SUM(N17:W17) -> 100
B18: JoelsSenegalFlex | C18: Netherlands | D18: Switzerland | E18: Mexico | F18: Japan | G18: Canada | H18: Croatia | I18: Senegal | J18: Egypt | K18: Curaçao | L18: Spain | N18: =IFERROR(HLOOKUP(C18,Standings!$F$3:$BA$5,3,FALSE),0) -> 35 | O18: =IFERROR(HLOOKUP(D18,Standings!$F$3:$BA$5,3,FALSE),0) -> 26 | P18: =IFERROR(HLOOKUP(E18,Standings!$F$3:$BA$5,3,FALSE),0) -> 27 | Q18: =IFERROR(HLOOKUP(F18,Standings!$F$3:$BA$5,3,FALSE),0) -> 20 | R18: =IFERROR(HLOOKUP(G18,Standings!$F$3:$BA$5,3,FALSE),0) -> 19 | S18: =IFERROR(HLOOKUP(H18,Standings!$F$3:$BA$5,3,FALSE),0) -> 16 | T18: =IFERROR(HLOOKUP(I18,Standings!$F$3:$BA$5,3,FALSE),0) -> 13 | U18: =IFERROR(HLOOKUP(J18,Standings!$F$3:$BA$5,3,FALSE),0) -> 10 | V18: =IFERROR(HLOOKUP(K18,Standings!$F$3:$BA$5,3,FALSE),0) -> 3 | W18: =-IFERROR(HLOOKUP(L18,Standings!$F$3:$BA$5,3,FALSE),0) -> -70 | X18: =SUM(N18:W18) -> 99
B19: LaurenBullock | C19: France | D19: USA | E19: Scotland | F19: Egypt | G19: Ivory Coast | L19: Japan | N19: =IFERROR(HLOOKUP(C19,Standings!$F$3:$BA$5,3,FALSE),0) -> 68 | O19: =IFERROR(HLOOKUP(D19,Standings!$F$3:$BA$5,3,FALSE),0) -> 23 | P19: =IFERROR(HLOOKUP(E19,Standings!$F$3:$BA$5,3,FALSE),0) -> 9 | Q19: =IFERROR(HLOOKUP(F19,Standings!$F$3:$BA$5,3,FALSE),0) -> 10 | R19: =IFERROR(HLOOKUP(G19,Standings!$F$3:$BA$5,3,FALSE),0) -> 9 | S19: =IFERROR(HLOOKUP(H19,Standings!$F$3:$BA$5,3,FALSE),0) -> 0 | T19: =IFERROR(HLOOKUP(I19,Standings!$F$3:$BA$5,3,FALSE),0) -> 0 | U19: =IFERROR(HLOOKUP(J19,Standings!$F$3:$BA$5,3,FALSE),0) -> 0 | V19: =IFERROR(HLOOKUP(K19,Standings!$F$3:$BA$5,3,FALSE),0) -> 0 | W19: =-IFERROR(HLOOKUP(L19,Standings!$F$3:$BA$5,3,FALSE),0) -> -20 | X19: =SUM(N19:W19) -> 99
B20: WillBullock | C20: Canada | D20: Czechia | E20: Senegal | F20: Japan | G20: Australia | H20: Iran | I20: Egypt | J20: Ecuador | K20: Croatia | L20: USA | N20: =IFERROR(HLOOKUP(C20,Standings!$F$3:$BA$5,3,FALSE),0) -> 19 | O20: =IFERROR(HLOOKUP(D20,Standings!$F$3:$BA$5,3,FALSE),0) -> 12 | P20: =IFERROR(HLOOKUP(E20,Standings!$F$3:$BA$5,3,FALSE),0) -> 13 | Q20: =IFERROR(HLOOKUP(F20,Standings!$F$3:$BA$5,3,FALSE),0) -> 20 | R20: =IFERROR(HLOOKUP(G20,Standings!$F$3:$BA$5,3,FALSE),0) -> 7 | S20: =IFERROR(HLOOKUP(H20,Standings!$F$3:$BA$5,3,FALSE),0) -> 8 | T20: =IFERROR(HLOOKUP(I20,Standings!$F$3:$BA$5,3,FALSE),0) -> 10 | U20: =IFERROR(HLOOKUP(J20,Standings!$F$3:$BA$5,3,FALSE),0) -> 17 | V20: =IFERROR(HLOOKUP(K20,Standings!$F$3:$BA$5,3,FALSE),0) -> 16 | W20: =-IFERROR(HLOOKUP(L20,Standings!$F$3:$BA$5,3,FALSE),0) -> -23 | X20: =SUM(N20:W20) -> 99
B21: JohnBullock1 | C21: Japan | D21: France | E21: USA | F21: Morocco | G21: Qatar | L21: Netherlands | N21: =IFERROR(HLOOKUP(C21,Standings!$F$3:$BA$5,3,FALSE),0) -> 20 | O21: =IFERROR(HLOOKUP(D21,Standings!$F$3:$BA$5,3,FALSE),0) -> 68 | P21: =IFERROR(HLOOKUP(E21,Standings!$F$3:$BA$5,3,FALSE),0) -> 23 | Q21: =IFERROR(HLOOKUP(F21,Standings!$F$3:$BA$5,3,FALSE),0) -> 21 | R21: =IFERROR(HLOOKUP(G21,Standings!$F$3:$BA$5,3,FALSE),0) -> 3 | S21: =IFERROR(HLOOKUP(H21,Standings!$F$3:$BA$5,3,FALSE),0) -> 0 | T21: =IFERROR(HLOOKUP(I21,Standings!$F$3:$BA$5,3,FALSE),0) -> 0 | U21: =IFERROR(HLOOKUP(J21,Standings!$F$3:$BA$5,3,FALSE),0) -> 0 | V21: =IFERROR(HLOOKUP(K21,Standings!$F$3:$BA$5,3,FALSE),0) -> 0 | W21: =-IFERROR(HLOOKUP(L21,Standings!$F$3:$BA$5,3,FALSE),0) -> -35 | X21: =SUM(N21:W21) -> 100
B22: JohnBullock2 | C22: England | D22: Colombia | E22: Uzbekistan | F22: Germany | G22: Scotland | H22: South Africa | L22: Portugal | N22: =IFERROR(HLOOKUP(C22,Standings!$F$3:$BA$5,3,FALSE),0) -> 60 | O22: =IFERROR(HLOOKUP(D22,Standings!$F$3:$BA$5,3,FALSE),0) -> 25 | P22: =IFERROR(HLOOKUP(E22,Standings!$F$3:$BA$5,3,FALSE),0) -> 5 | Q22: =IFERROR(HLOOKUP(F22,Standings!$F$3:$BA$5,3,FALSE),0) -> 45 | R22: =IFERROR(HLOOKUP(G22,Standings!$F$3:$BA$5,3,FALSE),0) -> 9 | S22: =IFERROR(HLOOKUP(H22,Standings!$F$3:$BA$5,3,FALSE),0) -> 6 | T22: =IFERROR(HLOOKUP(I22,Standings!$F$3:$BA$5,3,FALSE),0) -> 0 | U22: =IFERROR(HLOOKUP(J22,Standings!$F$3:$BA$5,3,FALSE),0) -> 0 | V22: =IFERROR(HLOOKUP(K22,Standings!$F$3:$BA$5,3,FALSE),0) -> 0 | W22: =-IFERROR(HLOOKUP(L22,Standings!$F$3:$BA$5,3,FALSE),0) -> -50 | X22: =SUM(N22:W22) -> 100
B23: AinsleyBullock | C23: USA | D23: Mexico | E23: Canada | F23: Ghana | G23: Algeria | H23: Japan | I23: Ecuador | J23: Saudi Arabia | L23: Switzerland | N23: =IFERROR(HLOOKUP(C23,Standings!$F$3:$BA$5,3,FALSE),0) -> 23 | O23: =IFERROR(HLOOKUP(D23,Standings!$F$3:$BA$5,3,FALSE),0) -> 27 | P23: =IFERROR(HLOOKUP(E23,Standings!$F$3:$BA$5,3,FALSE),0) -> 19 | Q23: =IFERROR(HLOOKUP(F23,Standings!$F$3:$BA$5,3,FALSE),0) -> 7 | R23: =IFERROR(HLOOKUP(G23,Standings!$F$3:$BA$5,3,FALSE),0) -> 8 | S23: =IFERROR(HLOOKUP(H23,Standings!$F$3:$BA$5,3,FALSE),0) -> 20 | T23: =IFERROR(HLOOKUP(I23,Standings!$F$3:$BA$5,3,FALSE),0) -> 17 | U23: =IFERROR(HLOOKUP(J23,Standings!$F$3:$BA$5,3,FALSE),0) -> 5 | V23: =IFERROR(HLOOKUP(K23,Standings!$F$3:$BA$5,3,FALSE),0) -> 0 | W23: =-IFERROR(HLOOKUP(L23,Standings!$F$3:$BA$5,3,FALSE),0) -> -26 | X23: =SUM(N23:W23) -> 100
B24: John Falck #2 | C24: Canada | D24: Norway | E24: Mexico | F24: England | G24: Japan | H24: Austria | L24: France | N24: =IFERROR(HLOOKUP(C24,Standings!$F$3:$BA$5,3,FALSE),0) -> 19 | O24: =IFERROR(HLOOKUP(D24,Standings!$F$3:$BA$5,3,FALSE),0) -> 30 | P24: =IFERROR(HLOOKUP(E24,Standings!$F$3:$BA$5,3,FALSE),0) -> 27 | Q24: =IFERROR(HLOOKUP(F24,Standings!$F$3:$BA$5,3,FALSE),0) -> 60 | R24: =IFERROR(HLOOKUP(G24,Standings!$F$3:$BA$5,3,FALSE),0) -> 20 | S24: =IFERROR(HLOOKUP(H24,Standings!$F$3:$BA$5,3,FALSE),0) -> 12 | T24: =IFERROR(HLOOKUP(I24,Standings!$F$3:$BA$5,3,FALSE),0) -> 0 | U24: =IFERROR(HLOOKUP(J24,Standings!$F$3:$BA$5,3,FALSE),0) -> 0 | V24: =IFERROR(HLOOKUP(K24,Standings!$F$3:$BA$5,3,FALSE),0) -> 0 | W24: =-IFERROR(HLOOKUP(L24,Standings!$F$3:$BA$5,3,FALSE),0) -> -68 | X24: =SUM(N24:W24) -> 100
B25: Tim Armbrustmacher1 | C25: Switzerland | D25: Ecuador | E25: Morocco | F25: Egypt | G25: Uruguay | H25: France | L25: England | N25: =IFERROR(HLOOKUP(C25,Standings!$F$3:$BA$5,3,FALSE),0) -> 26 | O25: =IFERROR(HLOOKUP(D25,Standings!$F$3:$BA$5,3,FALSE),0) -> 17 | P25: =IFERROR(HLOOKUP(E25,Standings!$F$3:$BA$5,3,FALSE),0) -> 21 | Q25: =IFERROR(HLOOKUP(F25,Standings!$F$3:$BA$5,3,FALSE),0) -> 10 | R25: =IFERROR(HLOOKUP(G25,Standings!$F$3:$BA$5,3,FALSE),0) -> 18 | S25: =IFERROR(HLOOKUP(H25,Standings!$F$3:$BA$5,3,FALSE),0) -> 68 | T25: =IFERROR(HLOOKUP(I25,Standings!$F$3:$BA$5,3,FALSE),0) -> 0 | U25: =IFERROR(HLOOKUP(J25,Standings!$F$3:$BA$5,3,FALSE),0) -> 0 | V25: =IFERROR(HLOOKUP(K25,Standings!$F$3:$BA$5,3,FALSE),0) -> 0 | W25: =-IFERROR(HLOOKUP(L25,Standings!$F$3:$BA$5,3,FALSE),0) -> -60 | X25: =SUM(N25:W25) -> 100
B26: Tim Armbrustmacher2 | C26: Mexico | D26: Senegal | E26: Qatar | F26: England | G26: Japan | L26: USA | N26: =IFERROR(HLOOKUP(C26,Standings!$F$3:$BA$5,3,FALSE),0) -> 27 | O26: =IFERROR(HLOOKUP(D26,Standings!$F$3:$BA$5,3,FALSE),0) -> 13 | P26: =IFERROR(HLOOKUP(E26,Standings!$F$3:$BA$5,3,FALSE),0) -> 3 | Q26: =IFERROR(HLOOKUP(F26,Standings!$F$3:$BA$5,3,FALSE),0) -> 60 | R26: =IFERROR(HLOOKUP(G26,Standings!$F$3:$BA$5,3,FALSE),0) -> 20 | S26: =IFERROR(HLOOKUP(H26,Standings!$F$3:$BA$5,3,FALSE),0) -> 0 | T26: =IFERROR(HLOOKUP(I26,Standings!$F$3:$BA$5,3,FALSE),0) -> 0 | U26: =IFERROR(HLOOKUP(J26,Standings!$F$3:$BA$5,3,FALSE),0) -> 0 | V26: =IFERROR(HLOOKUP(K26,Standings!$F$3:$BA$5,3,FALSE),0) -> 0 | W26: =-IFERROR(HLOOKUP(L26,Standings!$F$3:$BA$5,3,FALSE),0) -> -23 | X26: =SUM(N26:W26) -> 100
B27: MikePollei1 | C27: France | D27: Croatia | E27: Uruguay | F27: Austria | G27: Senegal | H27: Jordan | I27: Iran | L27: Belgium | N27: =IFERROR(HLOOKUP(C27,Standings!$F$3:$BA$5,3,FALSE),0) -> 68 | O27: =IFERROR(HLOOKUP(D27,Standings!$F$3:$BA$5,3,FALSE),0) -> 16 | P27: =IFERROR(HLOOKUP(E27,Standings!$F$3:$BA$5,3,FALSE),0) -> 18 | Q27: =IFERROR(HLOOKUP(F27,Standings!$F$3:$BA$5,3,FALSE),0) -> 12 | R27: =IFERROR(HLOOKUP(G27,Standings!$F$3:$BA$5,3,FALSE),0) -> 13 | S27: =IFERROR(HLOOKUP(H27,Standings!$F$3:$BA$5,3,FALSE),0) -> 3 | T27: =IFERROR(HLOOKUP(I27,Standings!$F$3:$BA$5,3,FALSE),0) -> 8 | U27: =IFERROR(HLOOKUP(J27,Standings!$F$3:$BA$5,3,FALSE),0) -> 0 | V27: =IFERROR(HLOOKUP(K27,Standings!$F$3:$BA$5,3,FALSE),0) -> 0 | W27: =-IFERROR(HLOOKUP(L27,Standings!$F$3:$BA$5,3,FALSE),0) -> -38 | X27: =SUM(N27:W27) -> 100
B28: MikePollei2 | C28: France | D28: Argentina | E28: Austria | F28: Curaçao | G28: Jordan | L28: Belgium | N28: =IFERROR(HLOOKUP(C28,Standings!$F$3:$BA$5,3,FALSE),0) -> 68 | O28: =IFERROR(HLOOKUP(D28,Standings!$F$3:$BA$5,3,FALSE),0) -> 52 | P28: =IFERROR(HLOOKUP(E28,Standings!$F$3:$BA$5,3,FALSE),0) -> 12 | Q28: =IFERROR(HLOOKUP(F28,Standings!$F$3:$BA$5,3,FALSE),0) -> 3 | R28: =IFERROR(HLOOKUP(G28,Standings!$F$3:$BA$5,3,FALSE),0) -> 3 | S28: =IFERROR(HLOOKUP(H28,Standings!$F$3:$BA$5,3,FALSE),0) -> 0 | T28: =IFERROR(HLOOKUP(I28,Standings!$F$3:$BA$5,3,FALSE),0) -> 0 | U28: =IFERROR(HLOOKUP(J28,Standings!$F$3:$BA$5,3,FALSE),0) -> 0 | V28: =IFERROR(HLOOKUP(K28,Standings!$F$3:$BA$5,3,FALSE),0) -> 0 | W28: =-IFERROR(HLOOKUP(L28,Standings!$F$3:$BA$5,3,FALSE),0) -> -38 | X28: =SUM(N28:W28) -> 100
B29: MichellePollei | C29: Argentina | D29: Uruguay | E29: Croatia | F29: Austria | G29: Senegal | H29: Jordan | I29: Curaçao | J29: Qatar | L29: Türkiye | N29: =IFERROR(HLOOKUP(C29,Standings!$F$3:$BA$5,3,FALSE),0) -> 52 | O29: =IFERROR(HLOOKUP(D29,Standings!$F$3:$BA$5,3,FALSE),0) -> 18 | P29: =IFERROR(HLOOKUP(E29,Standings!$F$3:$BA$5,3,FALSE),0) -> 16 | Q29: =IFERROR(HLOOKUP(F29,Standings!$F$3:$BA$5,3,FALSE),0) -> 12 | R29: =IFERROR(HLOOKUP(G29,Standings!$F$3:$BA$5,3,FALSE),0) -> 13 | S29: =IFERROR(HLOOKUP(H29,Standings!$F$3:$BA$5,3,FALSE),0) -> 3 | T29: =IFERROR(HLOOKUP(I29,Standings!$F$3:$BA$5,3,FALSE),0) -> 3 | U29: =IFERROR(HLOOKUP(J29,Standings!$F$3:$BA$5,3,FALSE),0) -> 3 | V29: =IFERROR(HLOOKUP(K29,Standings!$F$3:$BA$5,3,FALSE),0) -> 0 | W29: =-IFERROR(HLOOKUP(L29,Standings!$F$3:$BA$5,3,FALSE),0) -> -20 | X29: =SUM(N29:W29) -> 100
B30: SarahPollei | C30: Portugal | D30: Uruguay | E30: Croatia | F30: Austria | G30: Senegal | H30: Iran | I30: Jordan | L30: Türkiye | N30: =IFERROR(HLOOKUP(C30,Standings!$F$3:$BA$5,3,FALSE),0) -> 50 | O30: =IFERROR(HLOOKUP(D30,Standings!$F$3:$BA$5,3,FALSE),0) -> 18 | P30: =IFERROR(HLOOKUP(E30,Standings!$F$3:$BA$5,3,FALSE),0) -> 16 | Q30: =IFERROR(HLOOKUP(F30,Standings!$F$3:$BA$5,3,FALSE),0) -> 12 | R30: =IFERROR(HLOOKUP(G30,Standings!$F$3:$BA$5,3,FALSE),0) -> 13 | S30: =IFERROR(HLOOKUP(H30,Standings!$F$3:$BA$5,3,FALSE),0) -> 8 | T30: =IFERROR(HLOOKUP(I30,Standings!$F$3:$BA$5,3,FALSE),0) -> 3 | U30: =IFERROR(HLOOKUP(J30,Standings!$F$3:$BA$5,3,FALSE),0) -> 0 | V30: =IFERROR(HLOOKUP(K30,Standings!$F$3:$BA$5,3,FALSE),0) -> 0 | W30: =-IFERROR(HLOOKUP(L30,Standings!$F$3:$BA$5,3,FALSE),0) -> -20 | X30: =SUM(N30:W30) -> 100
B31: Sean ODonnell1 | C31: USA | D31: Switzerland | E31: South Korea | F31: Belgium | G31: Saudi Arabia | H31: Ecuador | I31: Scotland | J31: Ivory Coast | K31: Tunisia | L31: Germany | N31: =IFERROR(HLOOKUP(C31,Standings!$F$3:$BA$5,3,FALSE),0) -> 23 | O31: =IFERROR(HLOOKUP(D31,Standings!$F$3:$BA$5,3,FALSE),0) -> 26 | P31: =IFERROR(HLOOKUP(E31,Standings!$F$3:$BA$5,3,FALSE),0) -> 11 | Q31: =IFERROR(HLOOKUP(F31,Standings!$F$3:$BA$5,3,FALSE),0) -> 38 | R31: =IFERROR(HLOOKUP(G31,Standings!$F$3:$BA$5,3,FALSE),0) -> 5 | S31: =IFERROR(HLOOKUP(H31,Standings!$F$3:$BA$5,3,FALSE),0) -> 17 | T31: =IFERROR(HLOOKUP(I31,Standings!$F$3:$BA$5,3,FALSE),0) -> 9 | U31: =IFERROR(HLOOKUP(J31,Standings!$F$3:$BA$5,3,FALSE),0) -> 9 | V31: =IFERROR(HLOOKUP(K31,Standings!$F$3:$BA$5,3,FALSE),0) -> 7 | W31: =-IFERROR(HLOOKUP(L31,Standings!$F$3:$BA$5,3,FALSE),0) -> -45 | X31: =SUM(N31:W31) -> 100
B32: Sean ODonnell2 | C32: Netherlands | D32: Morocco | E32: USA | F32: Belgium | G32: Colombia | H32: Scotland | I32: Iran | J32: Tunisia | K32: Cape Verde | L32: Spain | N32: =IFERROR(HLOOKUP(C32,Standings!$F$3:$BA$5,3,FALSE),0) -> 35 | O32: =IFERROR(HLOOKUP(D32,Standings!$F$3:$BA$5,3,FALSE),0) -> 21 | P32: =IFERROR(HLOOKUP(E32,Standings!$F$3:$BA$5,3,FALSE),0) -> 23 | Q32: =IFERROR(HLOOKUP(F32,Standings!$F$3:$BA$5,3,FALSE),0) -> 38 | R32: =IFERROR(HLOOKUP(G32,Standings!$F$3:$BA$5,3,FALSE),0) -> 25 | S32: =IFERROR(HLOOKUP(H32,Standings!$F$3:$BA$5,3,FALSE),0) -> 9 | T32: =IFERROR(HLOOKUP(I32,Standings!$F$3:$BA$5,3,FALSE),0) -> 8 | U32: =IFERROR(HLOOKUP(J32,Standings!$F$3:$BA$5,3,FALSE),0) -> 7 | V32: =IFERROR(HLOOKUP(K32,Standings!$F$3:$BA$5,3,FALSE),0) -> 4 | W32: =-IFERROR(HLOOKUP(L32,Standings!$F$3:$BA$5,3,FALSE),0) -> -70 | X32: =SUM(N32:W32) -> 100
B33: Cà Phê Đen Kid | C33: Colombia | D33: Croatia | E33: New Zealand | F33: Japan | G33: Netherlands | N33: =IFERROR(HLOOKUP(C33,Standings!$F$3:$BA$5,3,FALSE),0) -> 25 | O33: =IFERROR(HLOOKUP(D33,Standings!$F$3:$BA$5,3,FALSE),0) -> 16 | P33: =IFERROR(HLOOKUP(E33,Standings!$F$3:$BA$5,3,FALSE),0) -> 4 | Q33: =IFERROR(HLOOKUP(F33,Standings!$F$3:$BA$5,3,FALSE),0) -> 20 | R33: =IFERROR(HLOOKUP(G33,Standings!$F$3:$BA$5,3,FALSE),0) -> 35 | S33: =IFERROR(HLOOKUP(H33,Standings!$F$3:$BA$5,3,FALSE),0) -> 0 | T33: =IFERROR(HLOOKUP(I33,Standings!$F$3:$BA$5,3,FALSE),0) -> 0 | U33: =IFERROR(HLOOKUP(J33,Standings!$F$3:$BA$5,3,FALSE),0) -> 0 | V33: =IFERROR(HLOOKUP(K33,Standings!$F$3:$BA$5,3,FALSE),0) -> 0 | W33: =-IFERROR(HLOOKUP(L33,Standings!$F$3:$BA$5,3,FALSE),0) -> 0 | X33: =SUM(N33:W33) -> 100
B34: AnaTwohy1 | C34: Argentina | D34: USA | E34: Belgium | L34: Paraguay | N34: =IFERROR(HLOOKUP(C34,Standings!$F$3:$BA$5,3,FALSE),0) -> 52 | O34: =IFERROR(HLOOKUP(D34,Standings!$F$3:$BA$5,3,FALSE),0) -> 23 | P34: =IFERROR(HLOOKUP(E34,Standings!$F$3:$BA$5,3,FALSE),0) -> 38 | Q34: =IFERROR(HLOOKUP(F34,Standings!$F$3:$BA$5,3,FALSE),0) -> 0 | R34: =IFERROR(HLOOKUP(G34,Standings!$F$3:$BA$5,3,FALSE),0) -> 0 | S34: =IFERROR(HLOOKUP(H34,Standings!$F$3:$BA$5,3,FALSE),0) -> 0 | T34: =IFERROR(HLOOKUP(I34,Standings!$F$3:$BA$5,3,FALSE),0) -> 0 | U34: =IFERROR(HLOOKUP(J34,Standings!$F$3:$BA$5,3,FALSE),0) -> 0 | V34: =IFERROR(HLOOKUP(K34,Standings!$F$3:$BA$5,3,FALSE),0) -> 0 | W34: =-IFERROR(HLOOKUP(L34,Standings!$F$3:$BA$5,3,FALSE),0) -> -13 | X34: =SUM(N34:W34) -> 100
B35: AnaTwohy2 | C35: England | D35: Brazil | L35: Sweden | N35: =IFERROR(HLOOKUP(C35,Standings!$F$3:$BA$5,3,FALSE),0) -> 60 | O35: =IFERROR(HLOOKUP(D35,Standings!$F$3:$BA$5,3,FALSE),0) -> 54 | P35: =IFERROR(HLOOKUP(E35,Standings!$F$3:$BA$5,3,FALSE),0) -> 0 | Q35: =IFERROR(HLOOKUP(F35,Standings!$F$3:$BA$5,3,FALSE),0) -> 0 | R35: =IFERROR(HLOOKUP(G35,Standings!$F$3:$BA$5,3,FALSE),0) -> 0 | S35: =IFERROR(HLOOKUP(H35,Standings!$F$3:$BA$5,3,FALSE),0) -> 0 | T35: =IFERROR(HLOOKUP(I35,Standings!$F$3:$BA$5,3,FALSE),0) -> 0 | U35: =IFERROR(HLOOKUP(J35,Standings!$F$3:$BA$5,3,FALSE),0) -> 0 | V35: =IFERROR(HLOOKUP(K35,Standings!$F$3:$BA$5,3,FALSE),0) -> 0 | W35: =-IFERROR(HLOOKUP(L35,Standings!$F$3:$BA$5,3,FALSE),0) -> -14 | X35: =SUM(N35:W35) -> 100
B36: JoshTwohy1 | C36: Netherlands | D36: Mexico | E36: Switzerland | F36: Japan | G36: Canada | H36: Croatia | I36: Austria | J36: Egypt | K36: Curaçao | L36: France | N36: =IFERROR(HLOOKUP(C36,Standings!$F$3:$BA$5,3,FALSE),0) -> 35 | O36: =IFERROR(HLOOKUP(D36,Standings!$F$3:$BA$5,3,FALSE),0) -> 27 | P36: =IFERROR(HLOOKUP(E36,Standings!$F$3:$BA$5,3,FALSE),0) -> 26 | Q36: =IFERROR(HLOOKUP(F36,Standings!$F$3:$BA$5,3,FALSE),0) -> 20 | R36: =IFERROR(HLOOKUP(G36,Standings!$F$3:$BA$5,3,FALSE),0) -> 19 | S36: =IFERROR(HLOOKUP(H36,Standings!$F$3:$BA$5,3,FALSE),0) -> 16 | T36: =IFERROR(HLOOKUP(I36,Standings!$F$3:$BA$5,3,FALSE),0) -> 12 | U36: =IFERROR(HLOOKUP(J36,Standings!$F$3:$BA$5,3,FALSE),0) -> 10 | V36: =IFERROR(HLOOKUP(K36,Standings!$F$3:$BA$5,3,FALSE),0) -> 3 | W36: =-IFERROR(HLOOKUP(L36,Standings!$F$3:$BA$5,3,FALSE),0) -> -68 | X36: =SUM(N36:W36) -> 100
B37: JoshTwohy2 | C37: France | D37: Spain | L37: Belgium | N37: =IFERROR(HLOOKUP(C37,Standings!$F$3:$BA$5,3,FALSE),0) -> 68 | O37: =IFERROR(HLOOKUP(D37,Standings!$F$3:$BA$5,3,FALSE),0) -> 70 | P37: =IFERROR(HLOOKUP(E37,Standings!$F$3:$BA$5,3,FALSE),0) -> 0 | Q37: =IFERROR(HLOOKUP(F37,Standings!$F$3:$BA$5,3,FALSE),0) -> 0 | R37: =IFERROR(HLOOKUP(G37,Standings!$F$3:$BA$5,3,FALSE),0) -> 0 | S37: =IFERROR(HLOOKUP(H37,Standings!$F$3:$BA$5,3,FALSE),0) -> 0 | T37: =IFERROR(HLOOKUP(I37,Standings!$F$3:$BA$5,3,FALSE),0) -> 0 | U37: =IFERROR(HLOOKUP(J37,Standings!$F$3:$BA$5,3,FALSE),0) -> 0 | V37: =IFERROR(HLOOKUP(K37,Standings!$F$3:$BA$5,3,FALSE),0) -> 0 | W37: =-IFERROR(HLOOKUP(L37,Standings!$F$3:$BA$5,3,FALSE),0) -> -38 | X37: =SUM(N37:W37) -> 100
B38: WillTwohy1 | C38: Belgium | D38: Netherlands | E38: France | F38: New Zealand | L38: Germany | N38: =IFERROR(HLOOKUP(C38,Standings!$F$3:$BA$5,3,FALSE),0) -> 38 | O38: =IFERROR(HLOOKUP(D38,Standings!$F$3:$BA$5,3,FALSE),0) -> 35 | P38: =IFERROR(HLOOKUP(E38,Standings!$F$3:$BA$5,3,FALSE),0) -> 68 | Q38: =IFERROR(HLOOKUP(F38,Standings!$F$3:$BA$5,3,FALSE),0) -> 4 | R38: =IFERROR(HLOOKUP(G38,Standings!$F$3:$BA$5,3,FALSE),0) -> 0 | S38: =IFERROR(HLOOKUP(H38,Standings!$F$3:$BA$5,3,FALSE),0) -> 0 | T38: =IFERROR(HLOOKUP(I38,Standings!$F$3:$BA$5,3,FALSE),0) -> 0 | U38: =IFERROR(HLOOKUP(J38,Standings!$F$3:$BA$5,3,FALSE),0) -> 0 | V38: =IFERROR(HLOOKUP(K38,Standings!$F$3:$BA$5,3,FALSE),0) -> 0 | W38: =-IFERROR(HLOOKUP(L38,Standings!$F$3:$BA$5,3,FALSE),0) -> -45 | X38: =SUM(N38:W38) -> 100
B39: WillTwohy2 | C39: Spain | D39: Mexico | E39: Uruguay | F39: Cape Verde | L39: Canada | N39: =IFERROR(HLOOKUP(C39,Standings!$F$3:$BA$5,3,FALSE),0) -> 70 | O39: =IFERROR(HLOOKUP(D39,Standings!$F$3:$BA$5,3,FALSE),0) -> 27 | P39: =IFERROR(HLOOKUP(E39,Standings!$F$3:$BA$5,3,FALSE),0) -> 18 | Q39: =IFERROR(HLOOKUP(F39,Standings!$F$3:$BA$5,3,FALSE),0) -> 4 | R39: =IFERROR(HLOOKUP(G39,Standings!$F$3:$BA$5,3,FALSE),0) -> 0 | S39: =IFERROR(HLOOKUP(H39,Standings!$F$3:$BA$5,3,FALSE),0) -> 0 | T39: =IFERROR(HLOOKUP(I39,Standings!$F$3:$BA$5,3,FALSE),0) -> 0 | U39: =IFERROR(HLOOKUP(J39,Standings!$F$3:$BA$5,3,FALSE),0) -> 0 | V39: =IFERROR(HLOOKUP(K39,Standings!$F$3:$BA$5,3,FALSE),0) -> 0 | W39: =-IFERROR(HLOOKUP(L39,Standings!$F$3:$BA$5,3,FALSE),0) -> -19 | X39: =SUM(N39:W39) -> 100
B40: Niedermaier_1A | C40: France | D40: Spain | E40: Croatia | L40: Brazil | N40: =IFERROR(HLOOKUP(C40,Standings!$F$3:$BA$5,3,FALSE),0) -> 68 | O40: =IFERROR(HLOOKUP(D40,Standings!$F$3:$BA$5,3,FALSE),0) -> 70 | P40: =IFERROR(HLOOKUP(E40,Standings!$F$3:$BA$5,3,FALSE),0) -> 16 | Q40: =IFERROR(HLOOKUP(F40,Standings!$F$3:$BA$5,3,FALSE),0) -> 0 | R40: =IFERROR(HLOOKUP(G40,Standings!$F$3:$BA$5,3,FALSE),0) -> 0 | S40: =IFERROR(HLOOKUP(H40,Standings!$F$3:$BA$5,3,FALSE),0) -> 0 | T40: =IFERROR(HLOOKUP(I40,Standings!$F$3:$BA$5,3,FALSE),0) -> 0 | U40: =IFERROR(HLOOKUP(J40,Standings!$F$3:$BA$5,3,FALSE),0) -> 0 | V40: =IFERROR(HLOOKUP(K40,Standings!$F$3:$BA$5,3,FALSE),0) -> 0 | W40: =-IFERROR(HLOOKUP(L40,Standings!$F$3:$BA$5,3,FALSE),0) -> -54 | X40: =SUM(N40:W40) -> 100
B41: Niedermaier_2B | C41: Germany | D41: Netherlands | E41: Japan | F41: Morocco | G41: USA | H41: DR Congo | L41: Portugal | N41: =IFERROR(HLOOKUP(C41,Standings!$F$3:$BA$5,3,FALSE),0) -> 45 | O41: =IFERROR(HLOOKUP(D41,Standings!$F$3:$BA$5,3,FALSE),0) -> 35 | P41: =IFERROR(HLOOKUP(E41,Standings!$F$3:$BA$5,3,FALSE),0) -> 20 | Q41: =IFERROR(HLOOKUP(F41,Standings!$F$3:$BA$5,3,FALSE),0) -> 21 | R41: =IFERROR(HLOOKUP(G41,Standings!$F$3:$BA$5,3,FALSE),0) -> 23 | S41: =IFERROR(HLOOKUP(H41,Standings!$F$3:$BA$5,3,FALSE),0) -> 6 | T41: =IFERROR(HLOOKUP(I41,Standings!$F$3:$BA$5,3,FALSE),0) -> 0 | U41: =IFERROR(HLOOKUP(J41,Standings!$F$3:$BA$5,3,FALSE),0) -> 0 | V41: =IFERROR(HLOOKUP(K41,Standings!$F$3:$BA$5,3,FALSE),0) -> 0 | W41: =-IFERROR(HLOOKUP(L41,Standings!$F$3:$BA$5,3,FALSE),0) -> -50 | X41: =SUM(N41:W41) -> 100
B42: betsyg | C42: Ivory Coast | D42: Senegal | E42: Ecuador | F42: Norway | G42: Mexico | H42: Cape Verde | I42: Switzerland | J42: Colombia | L42: Argentina | N42: =IFERROR(HLOOKUP(C42,Standings!$F$3:$BA$5,3,FALSE),0) -> 9 | O42: =IFERROR(HLOOKUP(D42,Standings!$F$3:$BA$5,3,FALSE),0) -> 13 | P42: =IFERROR(HLOOKUP(E42,Standings!$F$3:$BA$5,3,FALSE),0) -> 17 | Q42: =IFERROR(HLOOKUP(F42,Standings!$F$3:$BA$5,3,FALSE),0) -> 30 | R42: =IFERROR(HLOOKUP(G42,Standings!$F$3:$BA$5,3,FALSE),0) -> 27 | S42: =IFERROR(HLOOKUP(H42,Standings!$F$3:$BA$5,3,FALSE),0) -> 4 | T42: =IFERROR(HLOOKUP(I42,Standings!$F$3:$BA$5,3,FALSE),0) -> 26 | U42: =IFERROR(HLOOKUP(J42,Standings!$F$3:$BA$5,3,FALSE),0) -> 25 | V42: =IFERROR(HLOOKUP(K42,Standings!$F$3:$BA$5,3,FALSE),0) -> 0 | W42: =-IFERROR(HLOOKUP(L42,Standings!$F$3:$BA$5,3,FALSE),0) -> -52 | X42: =SUM(N42:W42) -> 99
B43: greeno | C43: Ivory Coast | D43: Senegal | E43: Ecuador | F43: France | G43: Mexico | H43: Cape Verde | I43: Austria | L43: Argentina | N43: =IFERROR(HLOOKUP(C43,Standings!$F$3:$BA$5,3,FALSE),0) -> 9 | O43: =IFERROR(HLOOKUP(D43,Standings!$F$3:$BA$5,3,FALSE),0) -> 13 | P43: =IFERROR(HLOOKUP(E43,Standings!$F$3:$BA$5,3,FALSE),0) -> 17 | Q43: =IFERROR(HLOOKUP(F43,Standings!$F$3:$BA$5,3,FALSE),0) -> 68 | R43: =IFERROR(HLOOKUP(G43,Standings!$F$3:$BA$5,3,FALSE),0) -> 27 | S43: =IFERROR(HLOOKUP(H43,Standings!$F$3:$BA$5,3,FALSE),0) -> 4 | T43: =IFERROR(HLOOKUP(I43,Standings!$F$3:$BA$5,3,FALSE),0) -> 12 | U43: =IFERROR(HLOOKUP(J43,Standings!$F$3:$BA$5,3,FALSE),0) -> 0 | V43: =IFERROR(HLOOKUP(K43,Standings!$F$3:$BA$5,3,FALSE),0) -> 0 | W43: =-IFERROR(HLOOKUP(L43,Standings!$F$3:$BA$5,3,FALSE),0) -> -52 | X43: =SUM(N43:W43) -> 98
B44: lucasgilkay | C44: Bosnia and Herzegovina | D44: Ghana | E44: Senegal | F44: Czechia | G44: South Korea | H44: DR Congo | I44: Croatia | J44: Iran | K44: Netherlands | L44: Morocco | N44: =IFERROR(HLOOKUP(C44,Standings!$F$3:$BA$5,3,FALSE),0) -> 10 | O44: =IFERROR(HLOOKUP(D44,Standings!$F$3:$BA$5,3,FALSE),0) -> 7 | P44: =IFERROR(HLOOKUP(E44,Standings!$F$3:$BA$5,3,FALSE),0) -> 13 | Q44: =IFERROR(HLOOKUP(F44,Standings!$F$3:$BA$5,3,FALSE),0) -> 12 | R44: =IFERROR(HLOOKUP(G44,Standings!$F$3:$BA$5,3,FALSE),0) -> 11 | S44: =IFERROR(HLOOKUP(H44,Standings!$F$3:$BA$5,3,FALSE),0) -> 6 | T44: =IFERROR(HLOOKUP(I44,Standings!$F$3:$BA$5,3,FALSE),0) -> 16 | U44: =IFERROR(HLOOKUP(J44,Standings!$F$3:$BA$5,3,FALSE),0) -> 8 | V44: =IFERROR(HLOOKUP(K44,Standings!$F$3:$BA$5,3,FALSE),0) -> 35 | W44: =-IFERROR(HLOOKUP(L44,Standings!$F$3:$BA$5,3,FALSE),0) -> -21 | X44: =SUM(N44:W44) -> 97
B45: AshleyAlloway1 | C45: Netherlands | D45: Croatia | E45: Morocco | F45: Egypt | G45: Uruguay | N45: =IFERROR(HLOOKUP(C45,Standings!$F$3:$BA$5,3,FALSE),0) -> 35 | O45: =IFERROR(HLOOKUP(D45,Standings!$F$3:$BA$5,3,FALSE),0) -> 16 | P45: =IFERROR(HLOOKUP(E45,Standings!$F$3:$BA$5,3,FALSE),0) -> 21 | Q45: =IFERROR(HLOOKUP(F45,Standings!$F$3:$BA$5,3,FALSE),0) -> 10 | R45: =IFERROR(HLOOKUP(G45,Standings!$F$3:$BA$5,3,FALSE),0) -> 18 | S45: =IFERROR(HLOOKUP(H45,Standings!$F$3:$BA$5,3,FALSE),0) -> 0 | T45: =IFERROR(HLOOKUP(I45,Standings!$F$3:$BA$5,3,FALSE),0) -> 0 | U45: =IFERROR(HLOOKUP(J45,Standings!$F$3:$BA$5,3,FALSE),0) -> 0 | V45: =IFERROR(HLOOKUP(K45,Standings!$F$3:$BA$5,3,FALSE),0) -> 0 | W45: =-IFERROR(HLOOKUP(L45,Standings!$F$3:$BA$5,3,FALSE),0) -> 0 | X45: =SUM(N45:W45) -> 100
B46: John Lindlof | C46: Ecuador | D46: Japan | E46: USA | F46: South Korea | G46: Croatia | H46: Senegal | N46: =IFERROR(HLOOKUP(C46,Standings!$F$3:$BA$5,3,FALSE),0) -> 17 | O46: =IFERROR(HLOOKUP(D46,Standings!$F$3:$BA$5,3,FALSE),0) -> 20 | P46: =IFERROR(HLOOKUP(E46,Standings!$F$3:$BA$5,3,FALSE),0) -> 23 | Q46: =IFERROR(HLOOKUP(F46,Standings!$F$3:$BA$5,3,FALSE),0) -> 11 | R46: =IFERROR(HLOOKUP(G46,Standings!$F$3:$BA$5,3,FALSE),0) -> 16 | S46: =IFERROR(HLOOKUP(H46,Standings!$F$3:$BA$5,3,FALSE),0) -> 13 | T46: =IFERROR(HLOOKUP(I46,Standings!$F$3:$BA$5,3,FALSE),0) -> 0 | U46: =IFERROR(HLOOKUP(J46,Standings!$F$3:$BA$5,3,FALSE),0) -> 0 | V46: =IFERROR(HLOOKUP(K46,Standings!$F$3:$BA$5,3,FALSE),0) -> 0 | W46: =-IFERROR(HLOOKUP(L46,Standings!$F$3:$BA$5,3,FALSE),0) -> 0 | X46: =SUM(N46:W46) -> 100
B47: Marissa Cleaveland | C47: France | D47: Egypt | E47: Canada | F47: Ecuador | L47: Sweden | N47: =IFERROR(HLOOKUP(C47,Standings!$F$3:$BA$5,3,FALSE),0) -> 68 | O47: =IFERROR(HLOOKUP(D47,Standings!$F$3:$BA$5,3,FALSE),0) -> 10 | P47: =IFERROR(HLOOKUP(E47,Standings!$F$3:$BA$5,3,FALSE),0) -> 19 | Q47: =IFERROR(HLOOKUP(F47,Standings!$F$3:$BA$5,3,FALSE),0) -> 17 | R47: =IFERROR(HLOOKUP(G47,Standings!$F$3:$BA$5,3,FALSE),0) -> 0 | S47: =IFERROR(HLOOKUP(H47,Standings!$F$3:$BA$5,3,FALSE),0) -> 0 | T47: =IFERROR(HLOOKUP(I47,Standings!$F$3:$BA$5,3,FALSE),0) -> 0 | U47: =IFERROR(HLOOKUP(J47,Standings!$F$3:$BA$5,3,FALSE),0) -> 0 | V47: =IFERROR(HLOOKUP(K47,Standings!$F$3:$BA$5,3,FALSE),0) -> 0 | W47: =-IFERROR(HLOOKUP(L47,Standings!$F$3:$BA$5,3,FALSE),0) -> -14 | X47: =SUM(N47:W47) -> 100
B48: Henry Cleaveland | C48: Portugal | D48: Türkiye | E48: Morocco | F48: Scotland | N48: =IFERROR(HLOOKUP(C48,Standings!$F$3:$BA$5,3,FALSE),0) -> 50 | O48: =IFERROR(HLOOKUP(D48,Standings!$F$3:$BA$5,3,FALSE),0) -> 20 | P48: =IFERROR(HLOOKUP(E48,Standings!$F$3:$BA$5,3,FALSE),0) -> 21 | Q48: =IFERROR(HLOOKUP(F48,Standings!$F$3:$BA$5,3,FALSE),0) -> 9 | R48: =IFERROR(HLOOKUP(G48,Standings!$F$3:$BA$5,3,FALSE),0) -> 0 | S48: =IFERROR(HLOOKUP(H48,Standings!$F$3:$BA$5,3,FALSE),0) -> 0 | T48: =IFERROR(HLOOKUP(I48,Standings!$F$3:$BA$5,3,FALSE),0) -> 0 | U48: =IFERROR(HLOOKUP(J48,Standings!$F$3:$BA$5,3,FALSE),0) -> 0 | V48: =IFERROR(HLOOKUP(K48,Standings!$F$3:$BA$5,3,FALSE),0) -> 0 | W48: =-IFERROR(HLOOKUP(L48,Standings!$F$3:$BA$5,3,FALSE),0) -> 0 | X48: =SUM(N48:W48) -> 100
B49: L_Smith777 | C49: England | D49: Colombia | E49: Morocco | F49: Japan | G49: Uruguay | L49: Germany | N49: =IFERROR(HLOOKUP(C49,Standings!$F$3:$BA$5,3,FALSE),0) -> 60 | O49: =IFERROR(HLOOKUP(D49,Standings!$F$3:$BA$5,3,FALSE),0) -> 25 | P49: =IFERROR(HLOOKUP(E49,Standings!$F$3:$BA$5,3,FALSE),0) -> 21 | Q49: =IFERROR(HLOOKUP(F49,Standings!$F$3:$BA$5,3,FALSE),0) -> 20 | R49: =IFERROR(HLOOKUP(G49,Standings!$F$3:$BA$5,3,FALSE),0) -> 18 | S49: =IFERROR(HLOOKUP(H49,Standings!$F$3:$BA$5,3,FALSE),0) -> 0 | T49: =IFERROR(HLOOKUP(I49,Standings!$F$3:$BA$5,3,FALSE),0) -> 0 | U49: =IFERROR(HLOOKUP(J49,Standings!$F$3:$BA$5,3,FALSE),0) -> 0 | V49: =IFERROR(HLOOKUP(K49,Standings!$F$3:$BA$5,3,FALSE),0) -> 0 | W49: =-IFERROR(HLOOKUP(L49,Standings!$F$3:$BA$5,3,FALSE),0) -> -45 | X49: =SUM(N49:W49) -> 99
B50: Tony M Pick 1 | C50: Uruguay | D50: Switzerland | E50: Colombia | F50: Canada | G50: Croatia | H50: Egypt | I50: Czechia | J50: Norway | K50: Austria | L50: France | N50: =IFERROR(HLOOKUP(C50,Standings!$F$3:$BA$5,3,FALSE),0) -> 18 | O50: =IFERROR(HLOOKUP(D50,Standings!$F$3:$BA$5,3,FALSE),0) -> 26 | P50: =IFERROR(HLOOKUP(E50,Standings!$F$3:$BA$5,3,FALSE),0) -> 25 | Q50: =IFERROR(HLOOKUP(F50,Standings!$F$3:$BA$5,3,FALSE),0) -> 19 | R50: =IFERROR(HLOOKUP(G50,Standings!$F$3:$BA$5,3,FALSE),0) -> 16 | S50: =IFERROR(HLOOKUP(H50,Standings!$F$3:$BA$5,3,FALSE),0) -> 10 | T50: =IFERROR(HLOOKUP(I50,Standings!$F$3:$BA$5,3,FALSE),0) -> 12 | U50: =IFERROR(HLOOKUP(J50,Standings!$F$3:$BA$5,3,FALSE),0) -> 30 | V50: =IFERROR(HLOOKUP(K50,Standings!$F$3:$BA$5,3,FALSE),0) -> 12 | W50: =-IFERROR(HLOOKUP(L50,Standings!$F$3:$BA$5,3,FALSE),0) -> -68 | X50: =SUM(N50:W50) -> 100
B51: Tony M Pick 2 | C51: Spain | D51: Belgium | E51: Morocco | F51: Austria | G51: South Korea | L51: Argentina | N51: =IFERROR(HLOOKUP(C51,Standings!$F$3:$BA$5,3,FALSE),0) -> 70 | O51: =IFERROR(HLOOKUP(D51,Standings!$F$3:$BA$5,3,FALSE),0) -> 38 | P51: =IFERROR(HLOOKUP(E51,Standings!$F$3:$BA$5,3,FALSE),0) -> 21 | Q51: =IFERROR(HLOOKUP(F51,Standings!$F$3:$BA$5,3,FALSE),0) -> 12 | R51: =IFERROR(HLOOKUP(G51,Standings!$F$3:$BA$5,3,FALSE),0) -> 11 | S51: =IFERROR(HLOOKUP(H51,Standings!$F$3:$BA$5,3,FALSE),0) -> 0 | T51: =IFERROR(HLOOKUP(I51,Standings!$F$3:$BA$5,3,FALSE),0) -> 0 | U51: =IFERROR(HLOOKUP(J51,Standings!$F$3:$BA$5,3,FALSE),0) -> 0 | V51: =IFERROR(HLOOKUP(K51,Standings!$F$3:$BA$5,3,FALSE),0) -> 0 | W51: =-IFERROR(HLOOKUP(L51,Standings!$F$3:$BA$5,3,FALSE),0) -> -52 | X51: =SUM(N51:W51) -> 100
B52: ZachSchaefer1 | C52: Iran | D52: DR Congo | E52: South Korea | F52: Senegal | G52: Japan | H52: Morocco | I52: Australia | J52: Ecuador | K52: Croatia | L52: Türkiye | N52: =IFERROR(HLOOKUP(C52,Standings!$F$3:$BA$5,3,FALSE),0) -> 8 | O52: =IFERROR(HLOOKUP(D52,Standings!$F$3:$BA$5,3,FALSE),0) -> 6 | P52: =IFERROR(HLOOKUP(E52,Standings!$F$3:$BA$5,3,FALSE),0) -> 11 | Q52: =IFERROR(HLOOKUP(F52,Standings!$F$3:$BA$5,3,FALSE),0) -> 13 | R52: =IFERROR(HLOOKUP(G52,Standings!$F$3:$BA$5,3,FALSE),0) -> 20 | S52: =IFERROR(HLOOKUP(H52,Standings!$F$3:$BA$5,3,FALSE),0) -> 21 | T52: =IFERROR(HLOOKUP(I52,Standings!$F$3:$BA$5,3,FALSE),0) -> 7 | U52: =IFERROR(HLOOKUP(J52,Standings!$F$3:$BA$5,3,FALSE),0) -> 17 | V52: =IFERROR(HLOOKUP(K52,Standings!$F$3:$BA$5,3,FALSE),0) -> 16 | W52: =-IFERROR(HLOOKUP(L52,Standings!$F$3:$BA$5,3,FALSE),0) -> -20 | X52: =SUM(N52:W52) -> 99
B53: shoupmicah | C53: Argentina | D53: Morocco | E53: England | F53: Austria | L53: Germany | N53: =IFERROR(HLOOKUP(C53,Standings!$F$3:$BA$5,3,FALSE),0) -> 52 | O53: =IFERROR(HLOOKUP(D53,Standings!$F$3:$BA$5,3,FALSE),0) -> 21 | P53: =IFERROR(HLOOKUP(E53,Standings!$F$3:$BA$5,3,FALSE),0) -> 60 | Q53: =IFERROR(HLOOKUP(F53,Standings!$F$3:$BA$5,3,FALSE),0) -> 12 | R53: =IFERROR(HLOOKUP(G53,Standings!$F$3:$BA$5,3,FALSE),0) -> 0 | S53: =IFERROR(HLOOKUP(H53,Standings!$F$3:$BA$5,3,FALSE),0) -> 0 | T53: =IFERROR(HLOOKUP(I53,Standings!$F$3:$BA$5,3,FALSE),0) -> 0 | U53: =IFERROR(HLOOKUP(J53,Standings!$F$3:$BA$5,3,FALSE),0) -> 0 | V53: =IFERROR(HLOOKUP(K53,Standings!$F$3:$BA$5,3,FALSE),0) -> 0 | W53: =-IFERROR(HLOOKUP(L53,Standings!$F$3:$BA$5,3,FALSE),0) -> -45 | X53: =SUM(N53:W53) -> 100
B54: Tim Skierka | C54: Mexico | D54: Austria | E54: Senegal | F54: Canada | G54: Colombia | H54: Croatia | I54: USA | L54: Netherlands | N54: =IFERROR(HLOOKUP(C54,Standings!$F$3:$BA$5,3,FALSE),0) -> 27 | O54: =IFERROR(HLOOKUP(D54,Standings!$F$3:$BA$5,3,FALSE),0) -> 12 | P54: =IFERROR(HLOOKUP(E54,Standings!$F$3:$BA$5,3,FALSE),0) -> 13 | Q54: =IFERROR(HLOOKUP(F54,Standings!$F$3:$BA$5,3,FALSE),0) -> 19 | R54: =IFERROR(HLOOKUP(G54,Standings!$F$3:$BA$5,3,FALSE),0) -> 25 | S54: =IFERROR(HLOOKUP(H54,Standings!$F$3:$BA$5,3,FALSE),0) -> 16 | T54: =IFERROR(HLOOKUP(I54,Standings!$F$3:$BA$5,3,FALSE),0) -> 23 | U54: =IFERROR(HLOOKUP(J54,Standings!$F$3:$BA$5,3,FALSE),0) -> 0 | V54: =IFERROR(HLOOKUP(K54,Standings!$F$3:$BA$5,3,FALSE),0) -> 0 | W54: =-IFERROR(HLOOKUP(L54,Standings!$F$3:$BA$5,3,FALSE),0) -> -35 | X54: =SUM(N54:W54) -> 100
B55: JHudd1 | C55: Morocco | D55: Scotland | E55: Netherlands | F55: Ecuador | G55: England | H55: Austria | L55: Brazil | N55: =IFERROR(HLOOKUP(C55,Standings!$F$3:$BA$5,3,FALSE),0) -> 21 | O55: =IFERROR(HLOOKUP(D55,Standings!$F$3:$BA$5,3,FALSE),0) -> 9 | P55: =IFERROR(HLOOKUP(E55,Standings!$F$3:$BA$5,3,FALSE),0) -> 35 | Q55: =IFERROR(HLOOKUP(F55,Standings!$F$3:$BA$5,3,FALSE),0) -> 17 | R55: =IFERROR(HLOOKUP(G55,Standings!$F$3:$BA$5,3,FALSE),0) -> 60 | S55: =IFERROR(HLOOKUP(H55,Standings!$F$3:$BA$5,3,FALSE),0) -> 12 | T55: =IFERROR(HLOOKUP(I55,Standings!$F$3:$BA$5,3,FALSE),0) -> 0 | U55: =IFERROR(HLOOKUP(J55,Standings!$F$3:$BA$5,3,FALSE),0) -> 0 | V55: =IFERROR(HLOOKUP(K55,Standings!$F$3:$BA$5,3,FALSE),0) -> 0 | W55: =-IFERROR(HLOOKUP(L55,Standings!$F$3:$BA$5,3,FALSE),0) -> -54 | X55: =SUM(N55:W55) -> 100
B56: JHudd2 | C56: Sweden | D56: Norway | E56: Mexico | F56: Ecuador | G56: Belgium | H56: Scotland | L56: Netherlands | N56: =IFERROR(HLOOKUP(C56,Standings!$F$3:$BA$5,3,FALSE),0) -> 14 | O56: =IFERROR(HLOOKUP(D56,Standings!$F$3:$BA$5,3,FALSE),0) -> 30 | P56: =IFERROR(HLOOKUP(E56,Standings!$F$3:$BA$5,3,FALSE),0) -> 27 | Q56: =IFERROR(HLOOKUP(F56,Standings!$F$3:$BA$5,3,FALSE),0) -> 17 | R56: =IFERROR(HLOOKUP(G56,Standings!$F$3:$BA$5,3,FALSE),0) -> 38 | S56: =IFERROR(HLOOKUP(H56,Standings!$F$3:$BA$5,3,FALSE),0) -> 9 | T56: =IFERROR(HLOOKUP(I56,Standings!$F$3:$BA$5,3,FALSE),0) -> 0 | U56: =IFERROR(HLOOKUP(J56,Standings!$F$3:$BA$5,3,FALSE),0) -> 0 | V56: =IFERROR(HLOOKUP(K56,Standings!$F$3:$BA$5,3,FALSE),0) -> 0 | W56: =-IFERROR(HLOOKUP(L56,Standings!$F$3:$BA$5,3,FALSE),0) -> -35 | X56: =SUM(N56:W56) -> 100
B57: Anne H | C57: Argentina | D57: Brazil | E57: Senegal | L57: Japan | N57: =IFERROR(HLOOKUP(C57,Standings!$F$3:$BA$5,3,FALSE),0) -> 52 | O57: =IFERROR(HLOOKUP(D57,Standings!$F$3:$BA$5,3,FALSE),0) -> 54 | P57: =IFERROR(HLOOKUP(E57,Standings!$F$3:$BA$5,3,FALSE),0) -> 13 | Q57: =IFERROR(HLOOKUP(F57,Standings!$F$3:$BA$5,3,FALSE),0) -> 0 | R57: =IFERROR(HLOOKUP(G57,Standings!$F$3:$BA$5,3,FALSE),0) -> 0 | S57: =IFERROR(HLOOKUP(H57,Standings!$F$3:$BA$5,3,FALSE),0) -> 0 | T57: =IFERROR(HLOOKUP(I57,Standings!$F$3:$BA$5,3,FALSE),0) -> 0 | U57: =IFERROR(HLOOKUP(J57,Standings!$F$3:$BA$5,3,FALSE),0) -> 0 | V57: =IFERROR(HLOOKUP(K57,Standings!$F$3:$BA$5,3,FALSE),0) -> 0 | W57: =-IFERROR(HLOOKUP(L57,Standings!$F$3:$BA$5,3,FALSE),0) -> -20 | X57: =SUM(N57:W57) -> 99
B58: Sam H | C58: Portugal | D58: Netherlands | E58: Colombia | L58: Bosnia and Herzegovina | N58: =IFERROR(HLOOKUP(C58,Standings!$F$3:$BA$5,3,FALSE),0) -> 50 | O58: =IFERROR(HLOOKUP(D58,Standings!$F$3:$BA$5,3,FALSE),0) -> 35 | P58: =IFERROR(HLOOKUP(E58,Standings!$F$3:$BA$5,3,FALSE),0) -> 25 | Q58: =IFERROR(HLOOKUP(F58,Standings!$F$3:$BA$5,3,FALSE),0) -> 0 | R58: =IFERROR(HLOOKUP(G58,Standings!$F$3:$BA$5,3,FALSE),0) -> 0 | S58: =IFERROR(HLOOKUP(H58,Standings!$F$3:$BA$5,3,FALSE),0) -> 0 | T58: =IFERROR(HLOOKUP(I58,Standings!$F$3:$BA$5,3,FALSE),0) -> 0 | U58: =IFERROR(HLOOKUP(J58,Standings!$F$3:$BA$5,3,FALSE),0) -> 0 | V58: =IFERROR(HLOOKUP(K58,Standings!$F$3:$BA$5,3,FALSE),0) -> 0 | W58: =-IFERROR(HLOOKUP(L58,Standings!$F$3:$BA$5,3,FALSE),0) -> -10 | X58: =SUM(N58:W58) -> 100
B59: Maddie/Quinn | C59: USA | D59: Belgium | E59: Norway | F59: Morocco | L59: Czechia | N59: =IFERROR(HLOOKUP(C59,Standings!$F$3:$BA$5,3,FALSE),0) -> 23 | O59: =IFERROR(HLOOKUP(D59,Standings!$F$3:$BA$5,3,FALSE),0) -> 38 | P59: =IFERROR(HLOOKUP(E59,Standings!$F$3:$BA$5,3,FALSE),0) -> 30 | Q59: =IFERROR(HLOOKUP(F59,Standings!$F$3:$BA$5,3,FALSE),0) -> 21 | R59: =IFERROR(HLOOKUP(G59,Standings!$F$3:$BA$5,3,FALSE),0) -> 0 | S59: =IFERROR(HLOOKUP(H59,Standings!$F$3:$BA$5,3,FALSE),0) -> 0 | T59: =IFERROR(HLOOKUP(I59,Standings!$F$3:$BA$5,3,FALSE),0) -> 0 | U59: =IFERROR(HLOOKUP(J59,Standings!$F$3:$BA$5,3,FALSE),0) -> 0 | V59: =IFERROR(HLOOKUP(K59,Standings!$F$3:$BA$5,3,FALSE),0) -> 0 | W59: =-IFERROR(HLOOKUP(L59,Standings!$F$3:$BA$5,3,FALSE),0) -> -12 | X59: =SUM(N59:W59) -> 100
B60: Brianco1 | C60: Portugal | D60: USA | E60: Canada | F60: Mexico | L60: Türkiye | N60: =IFERROR(HLOOKUP(C60,Standings!$F$3:$BA$5,3,FALSE),0) -> 50 | O60: =IFERROR(HLOOKUP(D60,Standings!$F$3:$BA$5,3,FALSE),0) -> 23 | P60: =IFERROR(HLOOKUP(E60,Standings!$F$3:$BA$5,3,FALSE),0) -> 19 | Q60: =IFERROR(HLOOKUP(F60,Standings!$F$3:$BA$5,3,FALSE),0) -> 27 | R60: =IFERROR(HLOOKUP(G60,Standings!$F$3:$BA$5,3,FALSE),0) -> 0 | S60: =IFERROR(HLOOKUP(H60,Standings!$F$3:$BA$5,3,FALSE),0) -> 0 | T60: =IFERROR(HLOOKUP(I60,Standings!$F$3:$BA$5,3,FALSE),0) -> 0 | U60: =IFERROR(HLOOKUP(J60,Standings!$F$3:$BA$5,3,FALSE),0) -> 0 | V60: =IFERROR(HLOOKUP(K60,Standings!$F$3:$BA$5,3,FALSE),0) -> 0 | W60: =-IFERROR(HLOOKUP(L60,Standings!$F$3:$BA$5,3,FALSE),0) -> -20 | X60: =SUM(N60:W60) -> 99
B61: Brianco2 | C61: England | D61: Czechia | E61: Norway | F61: Sweden | G61: New Zealand | L61: Japan | N61: =IFERROR(HLOOKUP(C61,Standings!$F$3:$BA$5,3,FALSE),0) -> 60 | O61: =IFERROR(HLOOKUP(D61,Standings!$F$3:$BA$5,3,FALSE),0) -> 12 | P61: =IFERROR(HLOOKUP(E61,Standings!$F$3:$BA$5,3,FALSE),0) -> 30 | Q61: =IFERROR(HLOOKUP(F61,Standings!$F$3:$BA$5,3,FALSE),0) -> 14 | R61: =IFERROR(HLOOKUP(G61,Standings!$F$3:$BA$5,3,FALSE),0) -> 4 | S61: =IFERROR(HLOOKUP(H61,Standings!$F$3:$BA$5,3,FALSE),0) -> 0 | T61: =IFERROR(HLOOKUP(I61,Standings!$F$3:$BA$5,3,FALSE),0) -> 0 | U61: =IFERROR(HLOOKUP(J61,Standings!$F$3:$BA$5,3,FALSE),0) -> 0 | V61: =IFERROR(HLOOKUP(K61,Standings!$F$3:$BA$5,3,FALSE),0) -> 0 | W61: =-IFERROR(HLOOKUP(L61,Standings!$F$3:$BA$5,3,FALSE),0) -> -20 | X61: =SUM(N61:W61) -> 100
B62: Ben Ritz Picks | C62: Argentina | D62: Belgium | E62: South Korea | F62: Senegal | L62: Sweden | N62: =IFERROR(HLOOKUP(C62,Standings!$F$3:$BA$5,3,FALSE),0) -> 52 | O62: =IFERROR(HLOOKUP(D62,Standings!$F$3:$BA$5,3,FALSE),0) -> 38 | P62: =IFERROR(HLOOKUP(E62,Standings!$F$3:$BA$5,3,FALSE),0) -> 11 | Q62: =IFERROR(HLOOKUP(F62,Standings!$F$3:$BA$5,3,FALSE),0) -> 13 | R62: =IFERROR(HLOOKUP(G62,Standings!$F$3:$BA$5,3,FALSE),0) -> 0 | S62: =IFERROR(HLOOKUP(H62,Standings!$F$3:$BA$5,3,FALSE),0) -> 0 | T62: =IFERROR(HLOOKUP(I62,Standings!$F$3:$BA$5,3,FALSE),0) -> 0 | U62: =IFERROR(HLOOKUP(J62,Standings!$F$3:$BA$5,3,FALSE),0) -> 0 | V62: =IFERROR(HLOOKUP(K62,Standings!$F$3:$BA$5,3,FALSE),0) -> 0 | W62: =-IFERROR(HLOOKUP(L62,Standings!$F$3:$BA$5,3,FALSE),0) -> -14 | X62: =SUM(N62:W62) -> 100
B63: chrishalverson1 | C63: USA | D63: Netherlands | E63: Germany | L63: Jordan | N63: =IFERROR(HLOOKUP(C63,Standings!$F$3:$BA$5,3,FALSE),0) -> 23 | O63: =IFERROR(HLOOKUP(D63,Standings!$F$3:$BA$5,3,FALSE),0) -> 35 | P63: =IFERROR(HLOOKUP(E63,Standings!$F$3:$BA$5,3,FALSE),0) -> 45 | Q63: =IFERROR(HLOOKUP(F63,Standings!$F$3:$BA$5,3,FALSE),0) -> 0 | R63: =IFERROR(HLOOKUP(G63,Standings!$F$3:$BA$5,3,FALSE),0) -> 0 | S63: =IFERROR(HLOOKUP(H63,Standings!$F$3:$BA$5,3,FALSE),0) -> 0 | T63: =IFERROR(HLOOKUP(I63,Standings!$F$3:$BA$5,3,FALSE),0) -> 0 | U63: =IFERROR(HLOOKUP(J63,Standings!$F$3:$BA$5,3,FALSE),0) -> 0 | V63: =IFERROR(HLOOKUP(K63,Standings!$F$3:$BA$5,3,FALSE),0) -> 0 | W63: =-IFERROR(HLOOKUP(L63,Standings!$F$3:$BA$5,3,FALSE),0) -> -3 | X63: =SUM(N63:W63) -> 100
B64: chrishalverson2 | C64: Japan | D64: Colombia | E64: Uruguay | F64: Croatia | G64: Austria | H64: South Korea | L64: Qatar | N64: =IFERROR(HLOOKUP(C64,Standings!$F$3:$BA$5,3,FALSE),0) -> 20 | O64: =IFERROR(HLOOKUP(D64,Standings!$F$3:$BA$5,3,FALSE),0) -> 25 | P64: =IFERROR(HLOOKUP(E64,Standings!$F$3:$BA$5,3,FALSE),0) -> 18 | Q64: =IFERROR(HLOOKUP(F64,Standings!$F$3:$BA$5,3,FALSE),0) -> 16 | R64: =IFERROR(HLOOKUP(G64,Standings!$F$3:$BA$5,3,FALSE),0) -> 12 | S64: =IFERROR(HLOOKUP(H64,Standings!$F$3:$BA$5,3,FALSE),0) -> 11 | T64: =IFERROR(HLOOKUP(I64,Standings!$F$3:$BA$5,3,FALSE),0) -> 0 | U64: =IFERROR(HLOOKUP(J64,Standings!$F$3:$BA$5,3,FALSE),0) -> 0 | V64: =IFERROR(HLOOKUP(K64,Standings!$F$3:$BA$5,3,FALSE),0) -> 0 | W64: =-IFERROR(HLOOKUP(L64,Standings!$F$3:$BA$5,3,FALSE),0) -> -3 | X64: =SUM(N64:W64) -> 99
B65: D*Rock | C65: Morocco | D65: Australia | E65: Austria | F65: Senegal | G65: DR Congo | H65: Paraguay | I65: Germany | J65: Tunisia | K65: South Korea | L65: Netherlands | N65: =IFERROR(HLOOKUP(C65,Standings!$F$3:$BA$5,3,FALSE),0) -> 21 | O65: =IFERROR(HLOOKUP(D65,Standings!$F$3:$BA$5,3,FALSE),0) -> 7 | P65: =IFERROR(HLOOKUP(E65,Standings!$F$3:$BA$5,3,FALSE),0) -> 12 | Q65: =IFERROR(HLOOKUP(F65,Standings!$F$3:$BA$5,3,FALSE),0) -> 13 | R65: =IFERROR(HLOOKUP(G65,Standings!$F$3:$BA$5,3,FALSE),0) -> 6 | S65: =IFERROR(HLOOKUP(H65,Standings!$F$3:$BA$5,3,FALSE),0) -> 13 | T65: =IFERROR(HLOOKUP(I65,Standings!$F$3:$BA$5,3,FALSE),0) -> 45 | U65: =IFERROR(HLOOKUP(J65,Standings!$F$3:$BA$5,3,FALSE),0) -> 7 | V65: =IFERROR(HLOOKUP(K65,Standings!$F$3:$BA$5,3,FALSE),0) -> 11 | W65: =-IFERROR(HLOOKUP(L65,Standings!$F$3:$BA$5,3,FALSE),0) -> -35 | X65: =SUM(N65:W65) -> 100
B66: JonHendrickson | C66: France | D66: Belgium | E66: Morocco | F66: Norway | G66: Qatar | L66: England | N66: =IFERROR(HLOOKUP(C66,Standings!$F$3:$BA$5,3,FALSE),0) -> 68 | O66: =IFERROR(HLOOKUP(D66,Standings!$F$3:$BA$5,3,FALSE),0) -> 38 | P66: =IFERROR(HLOOKUP(E66,Standings!$F$3:$BA$5,3,FALSE),0) -> 21 | Q66: =IFERROR(HLOOKUP(F66,Standings!$F$3:$BA$5,3,FALSE),0) -> 30 | R66: =IFERROR(HLOOKUP(G66,Standings!$F$3:$BA$5,3,FALSE),0) -> 3 | S66: =IFERROR(HLOOKUP(H66,Standings!$F$3:$BA$5,3,FALSE),0) -> 0 | T66: =IFERROR(HLOOKUP(I66,Standings!$F$3:$BA$5,3,FALSE),0) -> 0 | U66: =IFERROR(HLOOKUP(J66,Standings!$F$3:$BA$5,3,FALSE),0) -> 0 | V66: =IFERROR(HLOOKUP(K66,Standings!$F$3:$BA$5,3,FALSE),0) -> 0 | W66: =-IFERROR(HLOOKUP(L66,Standings!$F$3:$BA$5,3,FALSE),0) -> -60 | X66: =SUM(N66:W66) -> 100
B67: Bwelter | C67: Egypt | D67: Japan | E67: Brazil | F67: Canada | G67: Germany | L67: Portugal | N67: =IFERROR(HLOOKUP(C67,Standings!$F$3:$BA$5,3,FALSE),0) -> 10 | O67: =IFERROR(HLOOKUP(D67,Standings!$F$3:$BA$5,3,FALSE),0) -> 20 | P67: =IFERROR(HLOOKUP(E67,Standings!$F$3:$BA$5,3,FALSE),0) -> 54 | Q67: =IFERROR(HLOOKUP(F67,Standings!$F$3:$BA$5,3,FALSE),0) -> 19 | R67: =IFERROR(HLOOKUP(G67,Standings!$F$3:$BA$5,3,FALSE),0) -> 45 | S67: =IFERROR(HLOOKUP(H67,Standings!$F$3:$BA$5,3,FALSE),0) -> 0 | T67: =IFERROR(HLOOKUP(I67,Standings!$F$3:$BA$5,3,FALSE),0) -> 0 | U67: =IFERROR(HLOOKUP(J67,Standings!$F$3:$BA$5,3,FALSE),0) -> 0 | V67: =IFERROR(HLOOKUP(K67,Standings!$F$3:$BA$5,3,FALSE),0) -> 0 | W67: =-IFERROR(HLOOKUP(L67,Standings!$F$3:$BA$5,3,FALSE),0) -> -50 | X67: =SUM(N67:W67) -> 98
B68: Ryan H | C68: Germany | D68: Argentina | E68: USA | F68: Egypt | L68: Norway | N68: =IFERROR(HLOOKUP(C68,Standings!$F$3:$BA$5,3,FALSE),0) -> 45 | O68: =IFERROR(HLOOKUP(D68,Standings!$F$3:$BA$5,3,FALSE),0) -> 52 | P68: =IFERROR(HLOOKUP(E68,Standings!$F$3:$BA$5,3,FALSE),0) -> 23 | Q68: =IFERROR(HLOOKUP(F68,Standings!$F$3:$BA$5,3,FALSE),0) -> 10 | R68: =IFERROR(HLOOKUP(G68,Standings!$F$3:$BA$5,3,FALSE),0) -> 0 | S68: =IFERROR(HLOOKUP(H68,Standings!$F$3:$BA$5,3,FALSE),0) -> 0 | T68: =IFERROR(HLOOKUP(I68,Standings!$F$3:$BA$5,3,FALSE),0) -> 0 | U68: =IFERROR(HLOOKUP(J68,Standings!$F$3:$BA$5,3,FALSE),0) -> 0 | V68: =IFERROR(HLOOKUP(K68,Standings!$F$3:$BA$5,3,FALSE),0) -> 0 | W68: =-IFERROR(HLOOKUP(L68,Standings!$F$3:$BA$5,3,FALSE),0) -> -30 | X68: =SUM(N68:W68) -> 100
B69: EColvin1 | C69: Portugal | D69: Belgium | E69: Switzerland | F69: Ecuador | G69: Croatia | H69: South Korea | I69: Egypt | L69: France | N69: =IFERROR(HLOOKUP(C69,Standings!$F$3:$BA$5,3,FALSE),0) -> 50 | O69: =IFERROR(HLOOKUP(D69,Standings!$F$3:$BA$5,3,FALSE),0) -> 38 | P69: =IFERROR(HLOOKUP(E69,Standings!$F$3:$BA$5,3,FALSE),0) -> 26 | Q69: =IFERROR(HLOOKUP(F69,Standings!$F$3:$BA$5,3,FALSE),0) -> 17 | R69: =IFERROR(HLOOKUP(G69,Standings!$F$3:$BA$5,3,FALSE),0) -> 16 | S69: =IFERROR(HLOOKUP(H69,Standings!$F$3:$BA$5,3,FALSE),0) -> 11 | T69: =IFERROR(HLOOKUP(I69,Standings!$F$3:$BA$5,3,FALSE),0) -> 10 | U69: =IFERROR(HLOOKUP(J69,Standings!$F$3:$BA$5,3,FALSE),0) -> 0 | V69: =IFERROR(HLOOKUP(K69,Standings!$F$3:$BA$5,3,FALSE),0) -> 0 | W69: =-IFERROR(HLOOKUP(L69,Standings!$F$3:$BA$5,3,FALSE),0) -> -68 | X69: =SUM(N69:W69) -> 100
B70: EColvin2 | C70: Portugal | D70: Belgium | E70: Netherlands | F70: Ecuador | G70: Croatia | H70: South Korea | L70: France | N70: =IFERROR(HLOOKUP(C70,Standings!$F$3:$BA$5,3,FALSE),0) -> 50 | O70: =IFERROR(HLOOKUP(D70,Standings!$F$3:$BA$5,3,FALSE),0) -> 38 | P70: =IFERROR(HLOOKUP(E70,Standings!$F$3:$BA$5,3,FALSE),0) -> 35 | Q70: =IFERROR(HLOOKUP(F70,Standings!$F$3:$BA$5,3,FALSE),0) -> 17 | R70: =IFERROR(HLOOKUP(G70,Standings!$F$3:$BA$5,3,FALSE),0) -> 16 | S70: =IFERROR(HLOOKUP(H70,Standings!$F$3:$BA$5,3,FALSE),0) -> 11 | T70: =IFERROR(HLOOKUP(I70,Standings!$F$3:$BA$5,3,FALSE),0) -> 0 | U70: =IFERROR(HLOOKUP(J70,Standings!$F$3:$BA$5,3,FALSE),0) -> 0 | V70: =IFERROR(HLOOKUP(K70,Standings!$F$3:$BA$5,3,FALSE),0) -> 0 | W70: =-IFERROR(HLOOKUP(L70,Standings!$F$3:$BA$5,3,FALSE),0) -> -68 | X70: =SUM(N70:W70) -> 99
B71: EColvin3 | C71: Spain | D71: Portugal | E71: Türkiye | F71: Ecuador | G71: South Korea | L71: France | N71: =IFERROR(HLOOKUP(C71,Standings!$F$3:$BA$5,3,FALSE),0) -> 70 | O71: =IFERROR(HLOOKUP(D71,Standings!$F$3:$BA$5,3,FALSE),0) -> 50 | P71: =IFERROR(HLOOKUP(E71,Standings!$F$3:$BA$5,3,FALSE),0) -> 20 | Q71: =IFERROR(HLOOKUP(F71,Standings!$F$3:$BA$5,3,FALSE),0) -> 17 | R71: =IFERROR(HLOOKUP(G71,Standings!$F$3:$BA$5,3,FALSE),0) -> 11 | S71: =IFERROR(HLOOKUP(H71,Standings!$F$3:$BA$5,3,FALSE),0) -> 0 | T71: =IFERROR(HLOOKUP(I71,Standings!$F$3:$BA$5,3,FALSE),0) -> 0 | U71: =IFERROR(HLOOKUP(J71,Standings!$F$3:$BA$5,3,FALSE),0) -> 0 | V71: =IFERROR(HLOOKUP(K71,Standings!$F$3:$BA$5,3,FALSE),0) -> 0 | W71: =-IFERROR(HLOOKUP(L71,Standings!$F$3:$BA$5,3,FALSE),0) -> -68 | X71: =SUM(N71:W71) -> 100
B72: Noah Meier | C72: Portugal | D72: South Korea | E72: France | F72: Croatia | G72: Australia | L72: Argentina | N72: =IFERROR(HLOOKUP(C72,Standings!$F$3:$BA$5,3,FALSE),0) -> 50 | O72: =IFERROR(HLOOKUP(D72,Standings!$F$3:$BA$5,3,FALSE),0) -> 11 | P72: =IFERROR(HLOOKUP(E72,Standings!$F$3:$BA$5,3,FALSE),0) -> 68 | Q72: =IFERROR(HLOOKUP(F72,Standings!$F$3:$BA$5,3,FALSE),0) -> 16 | R72: =IFERROR(HLOOKUP(G72,Standings!$F$3:$BA$5,3,FALSE),0) -> 7 | S72: =IFERROR(HLOOKUP(H72,Standings!$F$3:$BA$5,3,FALSE),0) -> 0 | T72: =IFERROR(HLOOKUP(I72,Standings!$F$3:$BA$5,3,FALSE),0) -> 0 | U72: =IFERROR(HLOOKUP(J72,Standings!$F$3:$BA$5,3,FALSE),0) -> 0 | V72: =IFERROR(HLOOKUP(K72,Standings!$F$3:$BA$5,3,FALSE),0) -> 0 | W72: =-IFERROR(HLOOKUP(L72,Standings!$F$3:$BA$5,3,FALSE),0) -> -52 | X72: =SUM(N72:W72) -> 100
B73: gretameier1 | C73: Brazil | D73: USA | E73: Croatia | F73: Tunisia | N73: =IFERROR(HLOOKUP(C73,Standings!$F$3:$BA$5,3,FALSE),0) -> 54 | O73: =IFERROR(HLOOKUP(D73,Standings!$F$3:$BA$5,3,FALSE),0) -> 23 | P73: =IFERROR(HLOOKUP(E73,Standings!$F$3:$BA$5,3,FALSE),0) -> 16 | Q73: =IFERROR(HLOOKUP(F73,Standings!$F$3:$BA$5,3,FALSE),0) -> 7 | R73: =IFERROR(HLOOKUP(G73,Standings!$F$3:$BA$5,3,FALSE),0) -> 0 | S73: =IFERROR(HLOOKUP(H73,Standings!$F$3:$BA$5,3,FALSE),0) -> 0 | T73: =IFERROR(HLOOKUP(I73,Standings!$F$3:$BA$5,3,FALSE),0) -> 0 | U73: =IFERROR(HLOOKUP(J73,Standings!$F$3:$BA$5,3,FALSE),0) -> 0 | V73: =IFERROR(HLOOKUP(K73,Standings!$F$3:$BA$5,3,FALSE),0) -> 0 | W73: =-IFERROR(HLOOKUP(L73,Standings!$F$3:$BA$5,3,FALSE),0) -> 0 | X73: =SUM(N73:W73) -> 100
B74: Schultzy1 | C74: Australia | D74: Egypt | E74: Spain | F74: Brazil | G74: New Zealand | L74: Germany | N74: =IFERROR(HLOOKUP(C74,Standings!$F$3:$BA$5,3,FALSE),0) -> 7 | O74: =IFERROR(HLOOKUP(D74,Standings!$F$3:$BA$5,3,FALSE),0) -> 10 | P74: =IFERROR(HLOOKUP(E74,Standings!$F$3:$BA$5,3,FALSE),0) -> 70 | Q74: =IFERROR(HLOOKUP(F74,Standings!$F$3:$BA$5,3,FALSE),0) -> 54 | R74: =IFERROR(HLOOKUP(G74,Standings!$F$3:$BA$5,3,FALSE),0) -> 4 | S74: =IFERROR(HLOOKUP(H74,Standings!$F$3:$BA$5,3,FALSE),0) -> 0 | T74: =IFERROR(HLOOKUP(I74,Standings!$F$3:$BA$5,3,FALSE),0) -> 0 | U74: =IFERROR(HLOOKUP(J74,Standings!$F$3:$BA$5,3,FALSE),0) -> 0 | V74: =IFERROR(HLOOKUP(K74,Standings!$F$3:$BA$5,3,FALSE),0) -> 0 | W74: =-IFERROR(HLOOKUP(L74,Standings!$F$3:$BA$5,3,FALSE),0) -> -45 | X74: =SUM(N74:W74) -> 100
B75: Schultzy2 | C75: Netherlands | D75: Belgium | E75: Argentina | L75: Colombia | N75: =IFERROR(HLOOKUP(C75,Standings!$F$3:$BA$5,3,FALSE),0) -> 35 | O75: =IFERROR(HLOOKUP(D75,Standings!$F$3:$BA$5,3,FALSE),0) -> 38 | P75: =IFERROR(HLOOKUP(E75,Standings!$F$3:$BA$5,3,FALSE),0) -> 52 | Q75: =IFERROR(HLOOKUP(F75,Standings!$F$3:$BA$5,3,FALSE),0) -> 0 | R75: =IFERROR(HLOOKUP(G75,Standings!$F$3:$BA$5,3,FALSE),0) -> 0 | S75: =IFERROR(HLOOKUP(H75,Standings!$F$3:$BA$5,3,FALSE),0) -> 0 | T75: =IFERROR(HLOOKUP(I75,Standings!$F$3:$BA$5,3,FALSE),0) -> 0 | U75: =IFERROR(HLOOKUP(J75,Standings!$F$3:$BA$5,3,FALSE),0) -> 0 | V75: =IFERROR(HLOOKUP(K75,Standings!$F$3:$BA$5,3,FALSE),0) -> 0 | W75: =-IFERROR(HLOOKUP(L75,Standings!$F$3:$BA$5,3,FALSE),0) -> -25 | X75: =SUM(N75:W75) -> 100
B76: BBRooks | C76: France | D76: Croatia | E76: Sweden | F76: Morocco | G76: Egypt | H76: Austria | I76: Ivory Coast | L76: Portugal | N76: =IFERROR(HLOOKUP(C76,Standings!$F$3:$BA$5,3,FALSE),0) -> 68 | O76: =IFERROR(HLOOKUP(D76,Standings!$F$3:$BA$5,3,FALSE),0) -> 16 | P76: =IFERROR(HLOOKUP(E76,Standings!$F$3:$BA$5,3,FALSE),0) -> 14 | Q76: =IFERROR(HLOOKUP(F76,Standings!$F$3:$BA$5,3,FALSE),0) -> 21 | R76: =IFERROR(HLOOKUP(G76,Standings!$F$3:$BA$5,3,FALSE),0) -> 10 | S76: =IFERROR(HLOOKUP(H76,Standings!$F$3:$BA$5,3,FALSE),0) -> 12 | T76: =IFERROR(HLOOKUP(I76,Standings!$F$3:$BA$5,3,FALSE),0) -> 9 | U76: =IFERROR(HLOOKUP(J76,Standings!$F$3:$BA$5,3,FALSE),0) -> 0 | V76: =IFERROR(HLOOKUP(K76,Standings!$F$3:$BA$5,3,FALSE),0) -> 0 | W76: =-IFERROR(HLOOKUP(L76,Standings!$F$3:$BA$5,3,FALSE),0) -> -50 | X76: =SUM(N76:W76) -> 100
B77: Craig Miller 1 | C77: Spain | D77: Japan | E77: Senegal | L77: Jordan | N77: =IFERROR(HLOOKUP(C77,Standings!$F$3:$BA$5,3,FALSE),0) -> 70 | O77: =IFERROR(HLOOKUP(D77,Standings!$F$3:$BA$5,3,FALSE),0) -> 20 | P77: =IFERROR(HLOOKUP(E77,Standings!$F$3:$BA$5,3,FALSE),0) -> 13 | Q77: =IFERROR(HLOOKUP(F77,Standings!$F$3:$BA$5,3,FALSE),0) -> 0 | R77: =IFERROR(HLOOKUP(G77,Standings!$F$3:$BA$5,3,FALSE),0) -> 0 | S77: =IFERROR(HLOOKUP(H77,Standings!$F$3:$BA$5,3,FALSE),0) -> 0 | T77: =IFERROR(HLOOKUP(I77,Standings!$F$3:$BA$5,3,FALSE),0) -> 0 | U77: =IFERROR(HLOOKUP(J77,Standings!$F$3:$BA$5,3,FALSE),0) -> 0 | V77: =IFERROR(HLOOKUP(K77,Standings!$F$3:$BA$5,3,FALSE),0) -> 0 | W77: =-IFERROR(HLOOKUP(L77,Standings!$F$3:$BA$5,3,FALSE),0) -> -3 | X77: =SUM(N77:W77) -> 100
B78: Craig Miller 2 | C78: Belgium | D78: Norway | E78: USA | F78: Ivory Coast | N78: =IFERROR(HLOOKUP(C78,Standings!$F$3:$BA$5,3,FALSE),0) -> 38 | O78: =IFERROR(HLOOKUP(D78,Standings!$F$3:$BA$5,3,FALSE),0) -> 30 | P78: =IFERROR(HLOOKUP(E78,Standings!$F$3:$BA$5,3,FALSE),0) -> 23 | Q78: =IFERROR(HLOOKUP(F78,Standings!$F$3:$BA$5,3,FALSE),0) -> 9 | R78: =IFERROR(HLOOKUP(G78,Standings!$F$3:$BA$5,3,FALSE),0) -> 0 | S78: =IFERROR(HLOOKUP(H78,Standings!$F$3:$BA$5,3,FALSE),0) -> 0 | T78: =IFERROR(HLOOKUP(I78,Standings!$F$3:$BA$5,3,FALSE),0) -> 0 | U78: =IFERROR(HLOOKUP(J78,Standings!$F$3:$BA$5,3,FALSE),0) -> 0 | V78: =IFERROR(HLOOKUP(K78,Standings!$F$3:$BA$5,3,FALSE),0) -> 0 | W78: =-IFERROR(HLOOKUP(L78,Standings!$F$3:$BA$5,3,FALSE),0) -> 0 | X78: =SUM(N78:W78) -> 100
B79: Dane Miller | C79: Netherlands | D79: Colombia | E79: Algeria | F79: Germany | L79: Senegal | N79: =IFERROR(HLOOKUP(C79,Standings!$F$3:$BA$5,3,FALSE),0) -> 35 | O79: =IFERROR(HLOOKUP(D79,Standings!$F$3:$BA$5,3,FALSE),0) -> 25 | P79: =IFERROR(HLOOKUP(E79,Standings!$F$3:$BA$5,3,FALSE),0) -> 8 | Q79: =IFERROR(HLOOKUP(F79,Standings!$F$3:$BA$5,3,FALSE),0) -> 45 | R79: =IFERROR(HLOOKUP(G79,Standings!$F$3:$BA$5,3,FALSE),0) -> 0 | S79: =IFERROR(HLOOKUP(H79,Standings!$F$3:$BA$5,3,FALSE),0) -> 0 | T79: =IFERROR(HLOOKUP(I79,Standings!$F$3:$BA$5,3,FALSE),0) -> 0 | U79: =IFERROR(HLOOKUP(J79,Standings!$F$3:$BA$5,3,FALSE),0) -> 0 | V79: =IFERROR(HLOOKUP(K79,Standings!$F$3:$BA$5,3,FALSE),0) -> 0 | W79: =-IFERROR(HLOOKUP(L79,Standings!$F$3:$BA$5,3,FALSE),0) -> -13 | X79: =SUM(N79:W79) -> 100
B80: DC | C80: Japan | D80: Argentina | E80: Norway | F80: Ecuador | G80: DR Congo | H80: Paraguay | I80: Uruguay | J80: New Zealand | L80: England | N80: =IFERROR(HLOOKUP(C80,Standings!$F$3:$BA$5,3,FALSE),0) -> 20 | O80: =IFERROR(HLOOKUP(D80,Standings!$F$3:$BA$5,3,FALSE),0) -> 52 | P80: =IFERROR(HLOOKUP(E80,Standings!$F$3:$BA$5,3,FALSE),0) -> 30 | Q80: =IFERROR(HLOOKUP(F80,Standings!$F$3:$BA$5,3,FALSE),0) -> 17 | R80: =IFERROR(HLOOKUP(G80,Standings!$F$3:$BA$5,3,FALSE),0) -> 6 | S80: =IFERROR(HLOOKUP(H80,Standings!$F$3:$BA$5,3,FALSE),0) -> 13 | T80: =IFERROR(HLOOKUP(I80,Standings!$F$3:$BA$5,3,FALSE),0) -> 18 | U80: =IFERROR(HLOOKUP(J80,Standings!$F$3:$BA$5,3,FALSE),0) -> 4 | V80: =IFERROR(HLOOKUP(K80,Standings!$F$3:$BA$5,3,FALSE),0) -> 0 | W80: =-IFERROR(HLOOKUP(L80,Standings!$F$3:$BA$5,3,FALSE),0) -> -60 | X80: =SUM(N80:W80) -> 100
B81: MatthewLeners | C81: France | D81: USA | E81: Germany | F81: Croatia | G81: Algeria | L81: England | N81: =IFERROR(HLOOKUP(C81,Standings!$F$3:$BA$5,3,FALSE),0) -> 68 | O81: =IFERROR(HLOOKUP(D81,Standings!$F$3:$BA$5,3,FALSE),0) -> 23 | P81: =IFERROR(HLOOKUP(E81,Standings!$F$3:$BA$5,3,FALSE),0) -> 45 | Q81: =IFERROR(HLOOKUP(F81,Standings!$F$3:$BA$5,3,FALSE),0) -> 16 | R81: =IFERROR(HLOOKUP(G81,Standings!$F$3:$BA$5,3,FALSE),0) -> 8 | S81: =IFERROR(HLOOKUP(H81,Standings!$F$3:$BA$5,3,FALSE),0) -> 0 | T81: =IFERROR(HLOOKUP(I81,Standings!$F$3:$BA$5,3,FALSE),0) -> 0 | U81: =IFERROR(HLOOKUP(J81,Standings!$F$3:$BA$5,3,FALSE),0) -> 0 | V81: =IFERROR(HLOOKUP(K81,Standings!$F$3:$BA$5,3,FALSE),0) -> 0 | W81: =-IFERROR(HLOOKUP(L81,Standings!$F$3:$BA$5,3,FALSE),0) -> -60 | X81: =SUM(N81:W81) -> 100
B82: reidschaefer1 | C82: Brazil | D82: Netherlands | E82: Argentina | F82: Morocco | G82: Iran | L82: Spain | N82: =IFERROR(HLOOKUP(C82,Standings!$F$3:$BA$5,3,FALSE),0) -> 54 | O82: =IFERROR(HLOOKUP(D82,Standings!$F$3:$BA$5,3,FALSE),0) -> 35 | P82: =IFERROR(HLOOKUP(E82,Standings!$F$3:$BA$5,3,FALSE),0) -> 52 | Q82: =IFERROR(HLOOKUP(F82,Standings!$F$3:$BA$5,3,FALSE),0) -> 21 | R82: =IFERROR(HLOOKUP(G82,Standings!$F$3:$BA$5,3,FALSE),0) -> 8 | S82: =IFERROR(HLOOKUP(H82,Standings!$F$3:$BA$5,3,FALSE),0) -> 0 | T82: =IFERROR(HLOOKUP(I82,Standings!$F$3:$BA$5,3,FALSE),0) -> 0 | U82: =IFERROR(HLOOKUP(J82,Standings!$F$3:$BA$5,3,FALSE),0) -> 0 | V82: =IFERROR(HLOOKUP(K82,Standings!$F$3:$BA$5,3,FALSE),0) -> 0 | W82: =-IFERROR(HLOOKUP(L82,Standings!$F$3:$BA$5,3,FALSE),0) -> -70 | X82: =SUM(N82:W82) -> 100
B83: RobertSpangler | C83: Germany | D83: Morocco | E83: Belgium | F83: Mexico | G83: Colombia | H83: Austria | L83: France | N83: =IFERROR(HLOOKUP(C83,Standings!$F$3:$BA$5,3,FALSE),0) -> 45 | O83: =IFERROR(HLOOKUP(D83,Standings!$F$3:$BA$5,3,FALSE),0) -> 21 | P83: =IFERROR(HLOOKUP(E83,Standings!$F$3:$BA$5,3,FALSE),0) -> 38 | Q83: =IFERROR(HLOOKUP(F83,Standings!$F$3:$BA$5,3,FALSE),0) -> 27 | R83: =IFERROR(HLOOKUP(G83,Standings!$F$3:$BA$5,3,FALSE),0) -> 25 | S83: =IFERROR(HLOOKUP(H83,Standings!$F$3:$BA$5,3,FALSE),0) -> 12 | T83: =IFERROR(HLOOKUP(I83,Standings!$F$3:$BA$5,3,FALSE),0) -> 0 | U83: =IFERROR(HLOOKUP(J83,Standings!$F$3:$BA$5,3,FALSE),0) -> 0 | V83: =IFERROR(HLOOKUP(K83,Standings!$F$3:$BA$5,3,FALSE),0) -> 0 | W83: =-IFERROR(HLOOKUP(L83,Standings!$F$3:$BA$5,3,FALSE),0) -> -68 | X83: =SUM(N83:W83) -> 100
B84: sarahschaefer | C84: Norway | D84: Colombia | E84: Japan | F84: Ecuador | G84: Belgium | H84: Uruguay | I84: Austria | J84: Scotland | L84: Spain | N84: =IFERROR(HLOOKUP(C84,Standings!$F$3:$BA$5,3,FALSE),0) -> 30 | O84: =IFERROR(HLOOKUP(D84,Standings!$F$3:$BA$5,3,FALSE),0) -> 25 | P84: =IFERROR(HLOOKUP(E84,Standings!$F$3:$BA$5,3,FALSE),0) -> 20 | Q84: =IFERROR(HLOOKUP(F84,Standings!$F$3:$BA$5,3,FALSE),0) -> 17 | R84: =IFERROR(HLOOKUP(G84,Standings!$F$3:$BA$5,3,FALSE),0) -> 38 | S84: =IFERROR(HLOOKUP(H84,Standings!$F$3:$BA$5,3,FALSE),0) -> 18 | T84: =IFERROR(HLOOKUP(I84,Standings!$F$3:$BA$5,3,FALSE),0) -> 12 | U84: =IFERROR(HLOOKUP(J84,Standings!$F$3:$BA$5,3,FALSE),0) -> 9 | V84: =IFERROR(HLOOKUP(K84,Standings!$F$3:$BA$5,3,FALSE),0) -> 0 | W84: =-IFERROR(HLOOKUP(L84,Standings!$F$3:$BA$5,3,FALSE),0) -> -70 | X84: =SUM(N84:W84) -> 99
B85: KenOlson1 | C85: Portugal | D85: Netherlands | E85: Morocco | F85: Senegal | G85: South Korea | L85: Norway | N85: =IFERROR(HLOOKUP(C85,Standings!$F$3:$BA$5,3,FALSE),0) -> 50 | O85: =IFERROR(HLOOKUP(D85,Standings!$F$3:$BA$5,3,FALSE),0) -> 35 | P85: =IFERROR(HLOOKUP(E85,Standings!$F$3:$BA$5,3,FALSE),0) -> 21 | Q85: =IFERROR(HLOOKUP(F85,Standings!$F$3:$BA$5,3,FALSE),0) -> 13 | R85: =IFERROR(HLOOKUP(G85,Standings!$F$3:$BA$5,3,FALSE),0) -> 11 | S85: =IFERROR(HLOOKUP(H85,Standings!$F$3:$BA$5,3,FALSE),0) -> 0 | T85: =IFERROR(HLOOKUP(I85,Standings!$F$3:$BA$5,3,FALSE),0) -> 0 | U85: =IFERROR(HLOOKUP(J85,Standings!$F$3:$BA$5,3,FALSE),0) -> 0 | V85: =IFERROR(HLOOKUP(K85,Standings!$F$3:$BA$5,3,FALSE),0) -> 0 | W85: =-IFERROR(HLOOKUP(L85,Standings!$F$3:$BA$5,3,FALSE),0) -> -30 | X85: =SUM(N85:W85) -> 100
B86: KenOlson2 | C86: Argentina | D86: Portugal | E86: Türkiye | F86: Senegal | L86: Netherlands | N86: =IFERROR(HLOOKUP(C86,Standings!$F$3:$BA$5,3,FALSE),0) -> 52 | O86: =IFERROR(HLOOKUP(D86,Standings!$F$3:$BA$5,3,FALSE),0) -> 50 | P86: =IFERROR(HLOOKUP(E86,Standings!$F$3:$BA$5,3,FALSE),0) -> 20 | Q86: =IFERROR(HLOOKUP(F86,Standings!$F$3:$BA$5,3,FALSE),0) -> 13 | R86: =IFERROR(HLOOKUP(G86,Standings!$F$3:$BA$5,3,FALSE),0) -> 0 | S86: =IFERROR(HLOOKUP(H86,Standings!$F$3:$BA$5,3,FALSE),0) -> 0 | T86: =IFERROR(HLOOKUP(I86,Standings!$F$3:$BA$5,3,FALSE),0) -> 0 | U86: =IFERROR(HLOOKUP(J86,Standings!$F$3:$BA$5,3,FALSE),0) -> 0 | V86: =IFERROR(HLOOKUP(K86,Standings!$F$3:$BA$5,3,FALSE),0) -> 0 | W86: =-IFERROR(HLOOKUP(L86,Standings!$F$3:$BA$5,3,FALSE),0) -> -35 | X86: =SUM(N86:W86) -> 100
B87: KenOlson3 | C87: Spain | D87: France | E87: Croatia | L87: Brazil | N87: =IFERROR(HLOOKUP(C87,Standings!$F$3:$BA$5,3,FALSE),0) -> 70 | O87: =IFERROR(HLOOKUP(D87,Standings!$F$3:$BA$5,3,FALSE),0) -> 68 | P87: =IFERROR(HLOOKUP(E87,Standings!$F$3:$BA$5,3,FALSE),0) -> 16 | Q87: =IFERROR(HLOOKUP(F87,Standings!$F$3:$BA$5,3,FALSE),0) -> 0 | R87: =IFERROR(HLOOKUP(G87,Standings!$F$3:$BA$5,3,FALSE),0) -> 0 | S87: =IFERROR(HLOOKUP(H87,Standings!$F$3:$BA$5,3,FALSE),0) -> 0 | T87: =IFERROR(HLOOKUP(I87,Standings!$F$3:$BA$5,3,FALSE),0) -> 0 | U87: =IFERROR(HLOOKUP(J87,Standings!$F$3:$BA$5,3,FALSE),0) -> 0 | V87: =IFERROR(HLOOKUP(K87,Standings!$F$3:$BA$5,3,FALSE),0) -> 0 | W87: =-IFERROR(HLOOKUP(L87,Standings!$F$3:$BA$5,3,FALSE),0) -> -54 | X87: =SUM(N87:W87) -> 100
B88: Horth | C88: Canada | D88: USA | E88: New Zealand | F88: England | L88: South Africa | N88: =IFERROR(HLOOKUP(C88,Standings!$F$3:$BA$5,3,FALSE),0) -> 19 | O88: =IFERROR(HLOOKUP(D88,Standings!$F$3:$BA$5,3,FALSE),0) -> 23 | P88: =IFERROR(HLOOKUP(E88,Standings!$F$3:$BA$5,3,FALSE),0) -> 4 | Q88: =IFERROR(HLOOKUP(F88,Standings!$F$3:$BA$5,3,FALSE),0) -> 60 | R88: =IFERROR(HLOOKUP(G88,Standings!$F$3:$BA$5,3,FALSE),0) -> 0 | S88: =IFERROR(HLOOKUP(H88,Standings!$F$3:$BA$5,3,FALSE),0) -> 0 | T88: =IFERROR(HLOOKUP(I88,Standings!$F$3:$BA$5,3,FALSE),0) -> 0 | U88: =IFERROR(HLOOKUP(J88,Standings!$F$3:$BA$5,3,FALSE),0) -> 0 | V88: =IFERROR(HLOOKUP(K88,Standings!$F$3:$BA$5,3,FALSE),0) -> 0 | W88: =-IFERROR(HLOOKUP(L88,Standings!$F$3:$BA$5,3,FALSE),0) -> -6 | X88: =SUM(N88:W88) -> 100
B89: MonicaBullock | C89: Portugal | D89: Colombia | E89: Ecuador | F89: Japan | G89: Switzerland | L89: Belgium | N89: =IFERROR(HLOOKUP(C89,Standings!$F$3:$BA$5,3,FALSE),0) -> 50 | O89: =IFERROR(HLOOKUP(D89,Standings!$F$3:$BA$5,3,FALSE),0) -> 25 | P89: =IFERROR(HLOOKUP(E89,Standings!$F$3:$BA$5,3,FALSE),0) -> 17 | Q89: =IFERROR(HLOOKUP(F89,Standings!$F$3:$BA$5,3,FALSE),0) -> 20 | R89: =IFERROR(HLOOKUP(G89,Standings!$F$3:$BA$5,3,FALSE),0) -> 26 | S89: =IFERROR(HLOOKUP(H89,Standings!$F$3:$BA$5,3,FALSE),0) -> 0 | T89: =IFERROR(HLOOKUP(I89,Standings!$F$3:$BA$5,3,FALSE),0) -> 0 | U89: =IFERROR(HLOOKUP(J89,Standings!$F$3:$BA$5,3,FALSE),0) -> 0 | V89: =IFERROR(HLOOKUP(K89,Standings!$F$3:$BA$5,3,FALSE),0) -> 0 | W89: =-IFERROR(HLOOKUP(L89,Standings!$F$3:$BA$5,3,FALSE),0) -> -38 | X89: =SUM(N89:W89) -> 100
B90: mynameisjeff | C90: Portugal | D90: Brazil | E90: Switzerland | L90: Norway | N90: =IFERROR(HLOOKUP(C90,Standings!$F$3:$BA$5,3,FALSE),0) -> 50 | O90: =IFERROR(HLOOKUP(D90,Standings!$F$3:$BA$5,3,FALSE),0) -> 54 | P90: =IFERROR(HLOOKUP(E90,Standings!$F$3:$BA$5,3,FALSE),0) -> 26 | Q90: =IFERROR(HLOOKUP(F90,Standings!$F$3:$BA$5,3,FALSE),0) -> 0 | R90: =IFERROR(HLOOKUP(G90,Standings!$F$3:$BA$5,3,FALSE),0) -> 0 | S90: =IFERROR(HLOOKUP(H90,Standings!$F$3:$BA$5,3,FALSE),0) -> 0 | T90: =IFERROR(HLOOKUP(I90,Standings!$F$3:$BA$5,3,FALSE),0) -> 0 | U90: =IFERROR(HLOOKUP(J90,Standings!$F$3:$BA$5,3,FALSE),0) -> 0 | V90: =IFERROR(HLOOKUP(K90,Standings!$F$3:$BA$5,3,FALSE),0) -> 0 | W90: =-IFERROR(HLOOKUP(L90,Standings!$F$3:$BA$5,3,FALSE),0) -> -30 | X90: =SUM(N90:W90) -> 100
B91: NTourville1 | C91: Canada | D91: Switzerland | E91: Bosnia and Herzegovina | F91: Qatar | G91: Mexico | H91: South Africa | I91: South Korea | J91: Czechia | K91: Brazil | L91: France | N91: =IFERROR(HLOOKUP(C91,Standings!$F$3:$BA$5,3,FALSE),0) -> 19 | O91: =IFERROR(HLOOKUP(D91,Standings!$F$3:$BA$5,3,FALSE),0) -> 26 | P91: =IFERROR(HLOOKUP(E91,Standings!$F$3:$BA$5,3,FALSE),0) -> 10 | Q91: =IFERROR(HLOOKUP(F91,Standings!$F$3:$BA$5,3,FALSE),0) -> 3 | R91: =IFERROR(HLOOKUP(G91,Standings!$F$3:$BA$5,3,FALSE),0) -> 27 | S91: =IFERROR(HLOOKUP(H91,Standings!$F$3:$BA$5,3,FALSE),0) -> 6 | T91: =IFERROR(HLOOKUP(I91,Standings!$F$3:$BA$5,3,FALSE),0) -> 11 | U91: =IFERROR(HLOOKUP(J91,Standings!$F$3:$BA$5,3,FALSE),0) -> 12 | V91: =IFERROR(HLOOKUP(K91,Standings!$F$3:$BA$5,3,FALSE),0) -> 54 | W91: =-IFERROR(HLOOKUP(L91,Standings!$F$3:$BA$5,3,FALSE),0) -> -68 | X91: =SUM(N91:W91) -> 100
B92: Vin - 1 | C92: Switzerland | D92: Japan | E92: Colombia | F92: Morocco | G92: Türkiye | L92: Senegal | N92: =IFERROR(HLOOKUP(C92,Standings!$F$3:$BA$5,3,FALSE),0) -> 26 | O92: =IFERROR(HLOOKUP(D92,Standings!$F$3:$BA$5,3,FALSE),0) -> 20 | P92: =IFERROR(HLOOKUP(E92,Standings!$F$3:$BA$5,3,FALSE),0) -> 25 | Q92: =IFERROR(HLOOKUP(F92,Standings!$F$3:$BA$5,3,FALSE),0) -> 21 | R92: =IFERROR(HLOOKUP(G92,Standings!$F$3:$BA$5,3,FALSE),0) -> 20 | S92: =IFERROR(HLOOKUP(H92,Standings!$F$3:$BA$5,3,FALSE),0) -> 0 | T92: =IFERROR(HLOOKUP(I92,Standings!$F$3:$BA$5,3,FALSE),0) -> 0 | U92: =IFERROR(HLOOKUP(J92,Standings!$F$3:$BA$5,3,FALSE),0) -> 0 | V92: =IFERROR(HLOOKUP(K92,Standings!$F$3:$BA$5,3,FALSE),0) -> 0 | W92: =-IFERROR(HLOOKUP(L92,Standings!$F$3:$BA$5,3,FALSE),0) -> -13 | X92: =SUM(N92:W92) -> 99
B93: Vin - 2 | C93: England | D93: USA | E93: Uruguay | F93: Norway | G93: Sweden | L93: Germany | N93: =IFERROR(HLOOKUP(C93,Standings!$F$3:$BA$5,3,FALSE),0) -> 60 | O93: =IFERROR(HLOOKUP(D93,Standings!$F$3:$BA$5,3,FALSE),0) -> 23 | P93: =IFERROR(HLOOKUP(E93,Standings!$F$3:$BA$5,3,FALSE),0) -> 18 | Q93: =IFERROR(HLOOKUP(F93,Standings!$F$3:$BA$5,3,FALSE),0) -> 30 | R93: =IFERROR(HLOOKUP(G93,Standings!$F$3:$BA$5,3,FALSE),0) -> 14 | S93: =IFERROR(HLOOKUP(H93,Standings!$F$3:$BA$5,3,FALSE),0) -> 0 | T93: =IFERROR(HLOOKUP(I93,Standings!$F$3:$BA$5,3,FALSE),0) -> 0 | U93: =IFERROR(HLOOKUP(J93,Standings!$F$3:$BA$5,3,FALSE),0) -> 0 | V93: =IFERROR(HLOOKUP(K93,Standings!$F$3:$BA$5,3,FALSE),0) -> 0 | W93: =-IFERROR(HLOOKUP(L93,Standings!$F$3:$BA$5,3,FALSE),0) -> -45 | X93: =SUM(N93:W93) -> 100
B94: BrianCleaveland1 | C94: Belgium | D94: Mexico | E94: Japan | F94: USA | L94: Iran | N94: =IFERROR(HLOOKUP(C94,Standings!$F$3:$BA$5,3,FALSE),0) -> 38 | O94: =IFERROR(HLOOKUP(D94,Standings!$F$3:$BA$5,3,FALSE),0) -> 27 | P94: =IFERROR(HLOOKUP(E94,Standings!$F$3:$BA$5,3,FALSE),0) -> 20 | Q94: =IFERROR(HLOOKUP(F94,Standings!$F$3:$BA$5,3,FALSE),0) -> 23 | R94: =IFERROR(HLOOKUP(G94,Standings!$F$3:$BA$5,3,FALSE),0) -> 0 | S94: =IFERROR(HLOOKUP(H94,Standings!$F$3:$BA$5,3,FALSE),0) -> 0 | T94: =IFERROR(HLOOKUP(I94,Standings!$F$3:$BA$5,3,FALSE),0) -> 0 | U94: =IFERROR(HLOOKUP(J94,Standings!$F$3:$BA$5,3,FALSE),0) -> 0 | V94: =IFERROR(HLOOKUP(K94,Standings!$F$3:$BA$5,3,FALSE),0) -> 0 | W94: =-IFERROR(HLOOKUP(L94,Standings!$F$3:$BA$5,3,FALSE),0) -> -8 | X94: =SUM(N94:W94) -> 100
B95: jongerdin1 | C95: Portugal | D95: Switzerland | E95: Colombia | F95: Morocco | G95: Japan | H95: Ecuador | L95: England | N95: =IFERROR(HLOOKUP(C95,Standings!$F$3:$BA$5,3,FALSE),0) -> 50 | O95: =IFERROR(HLOOKUP(D95,Standings!$F$3:$BA$5,3,FALSE),0) -> 26 | P95: =IFERROR(HLOOKUP(E95,Standings!$F$3:$BA$5,3,FALSE),0) -> 25 | Q95: =IFERROR(HLOOKUP(F95,Standings!$F$3:$BA$5,3,FALSE),0) -> 21 | R95: =IFERROR(HLOOKUP(G95,Standings!$F$3:$BA$5,3,FALSE),0) -> 20 | S95: =IFERROR(HLOOKUP(H95,Standings!$F$3:$BA$5,3,FALSE),0) -> 17 | T95: =IFERROR(HLOOKUP(I95,Standings!$F$3:$BA$5,3,FALSE),0) -> 0 | U95: =IFERROR(HLOOKUP(J95,Standings!$F$3:$BA$5,3,FALSE),0) -> 0 | V95: =IFERROR(HLOOKUP(K95,Standings!$F$3:$BA$5,3,FALSE),0) -> 0 | W95: =-IFERROR(HLOOKUP(L95,Standings!$F$3:$BA$5,3,FALSE),0) -> -60 | X95: =SUM(N95:W95) -> 99
B96: jongerdin2 | C96: Mexico | D96: Switzerland | E96: Japan | F96: Canada | G96: Austria | H96: Croatia | I96: Egypt | L96: Norway | N96: =IFERROR(HLOOKUP(C96,Standings!$F$3:$BA$5,3,FALSE),0) -> 27 | O96: =IFERROR(HLOOKUP(D96,Standings!$F$3:$BA$5,3,FALSE),0) -> 26 | P96: =IFERROR(HLOOKUP(E96,Standings!$F$3:$BA$5,3,FALSE),0) -> 20 | Q96: =IFERROR(HLOOKUP(F96,Standings!$F$3:$BA$5,3,FALSE),0) -> 19 | R96: =IFERROR(HLOOKUP(G96,Standings!$F$3:$BA$5,3,FALSE),0) -> 12 | S96: =IFERROR(HLOOKUP(H96,Standings!$F$3:$BA$5,3,FALSE),0) -> 16 | T96: =IFERROR(HLOOKUP(I96,Standings!$F$3:$BA$5,3,FALSE),0) -> 10 | U96: =IFERROR(HLOOKUP(J96,Standings!$F$3:$BA$5,3,FALSE),0) -> 0 | V96: =IFERROR(HLOOKUP(K96,Standings!$F$3:$BA$5,3,FALSE),0) -> 0 | W96: =-IFERROR(HLOOKUP(L96,Standings!$F$3:$BA$5,3,FALSE),0) -> -30 | X96: =SUM(N96:W96) -> 100
B97: jongerdin3 | C97: Panama | D97: Austria | E97: Japan | F97: Senegal | G97: Ecuador | H97: Croatia | I97: Egypt | J97: Türkiye | L97: Paraguay | N97: =IFERROR(HLOOKUP(C97,Standings!$F$3:$BA$5,3,FALSE),0) -> 5 | O97: =IFERROR(HLOOKUP(D97,Standings!$F$3:$BA$5,3,FALSE),0) -> 12 | P97: =IFERROR(HLOOKUP(E97,Standings!$F$3:$BA$5,3,FALSE),0) -> 20 | Q97: =IFERROR(HLOOKUP(F97,Standings!$F$3:$BA$5,3,FALSE),0) -> 13 | R97: =IFERROR(HLOOKUP(G97,Standings!$F$3:$BA$5,3,FALSE),0) -> 17 | S97: =IFERROR(HLOOKUP(H97,Standings!$F$3:$BA$5,3,FALSE),0) -> 16 | T97: =IFERROR(HLOOKUP(I97,Standings!$F$3:$BA$5,3,FALSE),0) -> 10 | U97: =IFERROR(HLOOKUP(J97,Standings!$F$3:$BA$5,3,FALSE),0) -> 20 | V97: =IFERROR(HLOOKUP(K97,Standings!$F$3:$BA$5,3,FALSE),0) -> 0 | W97: =-IFERROR(HLOOKUP(L97,Standings!$F$3:$BA$5,3,FALSE),0) -> -13 | X97: =SUM(N97:W97) -> 100
B98: Tim F1 | C98: Spain | D98: England | E98: Japan | L98: Portugal | N98: =IFERROR(HLOOKUP(C98,Standings!$F$3:$BA$5,3,FALSE),0) -> 70 | O98: =IFERROR(HLOOKUP(D98,Standings!$F$3:$BA$5,3,FALSE),0) -> 60 | P98: =IFERROR(HLOOKUP(E98,Standings!$F$3:$BA$5,3,FALSE),0) -> 20 | Q98: =IFERROR(HLOOKUP(F98,Standings!$F$3:$BA$5,3,FALSE),0) -> 0 | R98: =IFERROR(HLOOKUP(G98,Standings!$F$3:$BA$5,3,FALSE),0) -> 0 | S98: =IFERROR(HLOOKUP(H98,Standings!$F$3:$BA$5,3,FALSE),0) -> 0 | T98: =IFERROR(HLOOKUP(I98,Standings!$F$3:$BA$5,3,FALSE),0) -> 0 | U98: =IFERROR(HLOOKUP(J98,Standings!$F$3:$BA$5,3,FALSE),0) -> 0 | V98: =IFERROR(HLOOKUP(K98,Standings!$F$3:$BA$5,3,FALSE),0) -> 0 | W98: =-IFERROR(HLOOKUP(L98,Standings!$F$3:$BA$5,3,FALSE),0) -> -50 | X98: =SUM(N98:W98) -> 100
B99: Tim F2 | C99: Argentina | D99: France | E99: USA | F99: Panama | L99: Portugal | N99: =IFERROR(HLOOKUP(C99,Standings!$F$3:$BA$5,3,FALSE),0) -> 52 | O99: =IFERROR(HLOOKUP(D99,Standings!$F$3:$BA$5,3,FALSE),0) -> 68 | P99: =IFERROR(HLOOKUP(E99,Standings!$F$3:$BA$5,3,FALSE),0) -> 23 | Q99: =IFERROR(HLOOKUP(F99,Standings!$F$3:$BA$5,3,FALSE),0) -> 5 | R99: =IFERROR(HLOOKUP(G99,Standings!$F$3:$BA$5,3,FALSE),0) -> 0 | S99: =IFERROR(HLOOKUP(H99,Standings!$F$3:$BA$5,3,FALSE),0) -> 0 | T99: =IFERROR(HLOOKUP(I99,Standings!$F$3:$BA$5,3,FALSE),0) -> 0 | U99: =IFERROR(HLOOKUP(J99,Standings!$F$3:$BA$5,3,FALSE),0) -> 0 | V99: =IFERROR(HLOOKUP(K99,Standings!$F$3:$BA$5,3,FALSE),0) -> 0 | W99: =-IFERROR(HLOOKUP(L99,Standings!$F$3:$BA$5,3,FALSE),0) -> -50 | X99: =SUM(N99:W99) -> 98
B100: Andy F1 | C100: France | D100: England | E100: Morocco | L100: Portugal | N100: =IFERROR(HLOOKUP(C100,Standings!$F$3:$BA$5,3,FALSE),0) -> 68 | O100: =IFERROR(HLOOKUP(D100,Standings!$F$3:$BA$5,3,FALSE),0) -> 60 | P100: =IFERROR(HLOOKUP(E100,Standings!$F$3:$BA$5,3,FALSE),0) -> 21 | Q100: =IFERROR(HLOOKUP(F100,Standings!$F$3:$BA$5,3,FALSE),0) -> 0 | R100: =IFERROR(HLOOKUP(G100,Standings!$F$3:$BA$5,3,FALSE),0) -> 0 | S100: =IFERROR(HLOOKUP(H100,Standings!$F$3:$BA$5,3,FALSE),0) -> 0 | T100: =IFERROR(HLOOKUP(I100,Standings!$F$3:$BA$5,3,FALSE),0) -> 0 | U100: =IFERROR(HLOOKUP(J100,Standings!$F$3:$BA$5,3,FALSE),0) -> 0 | V100: =IFERROR(HLOOKUP(K100,Standings!$F$3:$BA$5,3,FALSE),0) -> 0 | W100: =-IFERROR(HLOOKUP(L100,Standings!$F$3:$BA$5,3,FALSE),0) -> -50 | X100: =SUM(N100:W100) -> 99
...

Sheet Standings
F2: Group A | J2: Group B | N2: Group C | R2: Group D | V2: Group E | Z2: Group F | AD2: Group G | AH2: Group H | AL2: Group I | AP2: Group J | AT2: Group K | AX2: Group L
D3: Rank | E3: Total Points | F3: Mexico | G3: South Africa | H3: South Korea | I3: Czechia | J3: Canada | K3: Switzerland | L3: Qatar | M3: Bosnia and Herzegovina | N3: Brazil | O3: Morocco | P3: Haiti | Q3: Scotland | R3: USA | S3: Paraguay | T3: Australia | U3: Türkiye | V3: Germany | W3: Curaçao | X3: Ivory Coast | Y3: Ecuador | Z3: Netherlands | AA3: Japan | AB3: Tunisia | AC3: Sweden | AD3: Belgium | AE3: Egypt | AF3: Iran | AG3: New Zealand | AH3: Spain | AI3: Cape Verde | AJ3: Saudi Arabia | AK3: Uruguay | AL3: France | AM3: Senegal | AN3: Norway | AO3: Iraq | AP3: Argentina | AQ3: Algeria | AR3: Austria | AS3: Jordan | AT3: Portugal | AU3: Uzbekistan | AV3: Colombia | AW3: DR Congo | AX3: England | AY3: Croatia | AZ3: Ghana | BA3: Panama | BB3: Paid in? | BC3: Payout | BD3: Net | BE3: Paid out? | BG3: Mexico | BH3: South Africa | BI3: South Korea | BJ3: Czechia | BK3: Canada | BL3: Switzerland | BM3: Qatar | BN3: Bosnia and Herzegovina | BO3: Brazil | BP3: Morocco | BQ3: Haiti | BR3: Scotland | BS3: USA | BT3: Paraguay | BU3: Australia | BV3: Türkiye | BW3: Germany | BX3: Curaçao | BY3: Ivory Coast | BZ3: Ecuador | CA3: Netherlands | CB3: Japan | CC3: Tunisia | CD3: Sweden | CE3: Belgium | CF3: Egypt | CG3: Iran | CH3: New Zealand | CI3: Spain | CJ3: Cape Verde | CK3: Saudi Arabia | CL3: Uruguay | CM3: France | CN3: Senegal | CO3: Norway | CP3: Iraq | CQ3: Argentina | CR3: Algeria | CS3: Austria | CT3: Jordan | CU3: Portugal | CV3: Uzbekistan | CW3: Colombia | CX3: DR Congo | CY3: England | CZ3: Croatia | DA3: Ghana | DB3: Panama
C4: Number Chosen | F4: =COUNTIF(#REF!,"x") -> #REF! | G4: =COUNTIF(#REF!,"x") -> #REF! | H4: =COUNTIF(#REF!,"x") -> #REF! | I4: =COUNTIF(#REF!,"x") -> #REF! | J4: =COUNTIF(#REF!,"x") -> #REF! | K4: =COUNTIF(#REF!,"x") -> #REF! | L4: =COUNTIF(#REF!,"x") -> #REF! | M4: =COUNTIF(#REF!,"x") -> #REF! | ... BA4: =COUNTIF(#REF!,"x") -> #REF!
C5: Price | F5: 27 | G5: 6 | H5: 11 | I5: 12 | J5: 19 | K5: 26 | L5: 3 | M5: 10 | N5: 54 | O5: 21 | P5: 5 | Q5: 9 | R5: 23 | S5: 13 | T5: 7 | U5: 20 | V5: 45 | W5: 3 | X5: 9 | Y5: 17 | Z5: 35 | AA5: 20 | AB5: 7 | AC5: 14 | AD5: 38 | AE5: 10 | AF5: 8 | AG5: 4 | AH5: 70 | AI5: 4 | AJ5: 5 | AK5: 18 | AL5: 68 | AM5: 13 | AN5: 30 | AO5: 5 | AP5: 52 | AQ5: 8 | AR5: 12 | AS5: 3 | AT5: 50 | AU5: 5 | AV5: 25 | AW5: 6 | AX5: 60 | AY5: 16 | AZ5: 7 | BA5: 5
C6: Points | F6: =HLOOKUP(F3,'Match Results'!$B$1:$AW$10,10,FALSE) -> 2 | G6: =HLOOKUP(G3,'Match Results'!$B$1:$AW$10,10,FALSE) -> 0 | H6: =HLOOKUP(H3,'Match Results'!$B$1:$AW$10,10,FALSE) -> 2 | I6: =HLOOKUP(I3,'Match Results'!$B$1:$AW$10,10,FALSE) -> 0 | J6: =HLOOKUP(J3,'Match Results'!$B$1:$AW$10,10,FALSE) -> 1 | K6: =HLOOKUP(K3,'Match Results'!$B$1:$AW$10,10,FALSE) -> 1 | L6: =HLOOKUP(L3,'Match Results'!$B$1:$AW$10,10,FALSE) -> 1 | M6: =HLOOKUP(M3,'Match Results'!$B$1:$AW$10,10,FALSE) -> 1 | ... BA6: =HLOOKUP(BA3,'Match Results'!$B$1:$AW$10,10,FALSE) -> 0
C7: # of times chosen | F7: =COUNTIF(BG:BG,"x") -> 21 | G7: =COUNTIF(BH:BH,"x") -> 2 | H7: =COUNTIF(BI:BI,"x") -> 14 | I7: =COUNTIF(BJ:BJ,"x") -> 8 | J7: =COUNTIF(BK:BK,"x") -> 17 | K7: =COUNTIF(BL:BL,"x") -> 17 | L7: =COUNTIF(BM:BM,"x") -> 7 | M7: =COUNTIF(BN:BN,"x") -> 2 | N7: =COUNTIF(BO:BO,"x") -> 9 | O7: =COUNTIF(BP:BP,"x") -> 24 | P7: =COUNTIF(BQ:BQ,"x") -> 1 | Q7: =COUNTIF(BR:BR,"x") -> 9 | R7: =COUNTIF(BS:BS,"x") -> 24 | S7: =COUNTIF(BT:BT,"x") -> 2 | T7: =COUNTIF(BU:BU,"x") -> 7 | U7: =COUNTIF(BV:BV,"x") -> 8 | V7: =COUNTIF(BW:BW,"x") -> 14 | W7: =COUNTIF(BX:BX,"x") -> 5 | X7: =COUNTIF(BY:BY,"x") -> 7 | Y7: =COUNTIF(BZ:BZ,"x") -> 23 | Z7: =COUNTIF(CA:CA,"x") -> 19 | AA7: =COUNTIF(CB:CB,"x") -> 29 | AB7: =COUNTIF(CC:CC,"x") -> 5 | AC7: =COUNTIF(CD:CD,"x") -> 6 | AD7: =COUNTIF(CE:CE,"x") -> 19 | AE7: =COUNTIF(CF:CF,"x") -> 18 | AF7: =COUNTIF(CG:CG,"x") -> 7 | AG7: =COUNTIF(CH:CH,"x") -> 7 | AH7: =COUNTIF(CI:CI,"x") -> 12 | AI7: =COUNTIF(CJ:CJ,"x") -> 4 | AJ7: =COUNTIF(CK:CK,"x") -> 2 | AK7: =COUNTIF(CL:CL,"x") -> 13 | AL7: =COUNTIF(CM:CM,"x") -> 21 | AM7: =COUNTIF(CN:CN,"x") -> 22 | AN7: =COUNTIF(CO:CO,"x") -> 13 | AO7: =COUNTIF(CP:CP,"x") -> 0 | AP7: =COUNTIF(CQ:CQ,"x") -> 15 | AQ7: =COUNTIF(CR:CR,"x") -> 6 | AR7: =COUNTIF(CS:CS,"x") -> 21 | AS7: =COUNTIF(CT:CT,"x") -> 6 | AT7: =COUNTIF(CU:CU,"x") -> 15 | AU7: =COUNTIF(CV:CV,"x") -> 1 | AV7: =COUNTIF(CW:CW,"x") -> 17 | AW7: =COUNTIF(CX:CX,"x") -> 5 | AX7: =COUNTIF(CY:CY,"x") -> 14 | AY7: =COUNTIF(CZ:CZ,"x") -> 29 | AZ7: =COUNTIF(DA:DA,"x") -> 3 | BA7: =COUNTIF(DB:DB,"x") -> 5
C8: # of times shorted | F8: =COUNTIF(BG:BG,"S") -> 0 | G8: =COUNTIF(BH:BH,"S") -> 1 | H8: =COUNTIF(BI:BI,"S") -> 0 | I8: =COUNTIF(BJ:BJ,"S") -> 1 | J8: =COUNTIF(BK:BK,"S") -> 1 | K8: =COUNTIF(BL:BL,"S") -> 1 | L8: =COUNTIF(BM:BM,"S") -> 1 | M8: =COUNTIF(BN:BN,"S") -> 1 | N8: =COUNTIF(BO:BO,"S") -> 5 | O8: =COUNTIF(BP:BP,"S") -> 1 | P8: =COUNTIF(BQ:BQ,"S") -> 0 | Q8: =COUNTIF(BR:BR,"S") -> 0 | R8: =COUNTIF(BS:BS,"S") -> 2 | S8: =COUNTIF(BT:BT,"S") -> 2 | T8: =COUNTIF(BU:BU,"S") -> 0 | U8: =COUNTIF(BV:BV,"S") -> 4 | V8: =COUNTIF(BW:BW,"S") -> 7 | W8: =COUNTIF(BX:BX,"S") -> 0 | X8: =COUNTIF(BY:BY,"S") -> 0 | Y8: =COUNTIF(BZ:BZ,"S") -> 0 | Z8: =COUNTIF(CA:CA,"S") -> 6 | AA8: =COUNTIF(CB:CB,"S") -> 3 | AB8: =COUNTIF(CC:CC,"S") -> 0 | AC8: =COUNTIF(CD:CD,"S") -> 3 | AD8: =COUNTIF(CE:CE,"S") -> 5 | AE8: =COUNTIF(CF:CF,"S") -> 0 | AF8: =COUNTIF(CG:CG,"S") -> 1 | AG8: =COUNTIF(CH:CH,"S") -> 0 | AH8: =COUNTIF(CI:CI,"S") -> 6 | AI8: =COUNTIF(CJ:CJ,"S") -> 0 | AJ8: =COUNTIF(CK:CK,"S") -> 0 | AK8: =COUNTIF(CL:CL,"S") -> 0 | AL8: =COUNTIF(CM:CM,"S") -> 10 | AM8: =COUNTIF(CN:CN,"S") -> 2 | AN8: =COUNTIF(CO:CO,"S") -> 5 | AO8: =COUNTIF(CP:CP,"S") -> 0 | AP8: =COUNTIF(CQ:CQ,"S") -> 6 | AQ8: =COUNTIF(CR:CR,"S") -> 0 | AR8: =COUNTIF(CS:CS,"S") -> 0 | AS8: =COUNTIF(CT:CT,"S") -> 2 | AT8: =COUNTIF(CU:CU,"S") -> 8 | AU8: =COUNTIF(CV:CV,"S") -> 0 | AV8: =COUNTIF(CW:CW,"S") -> 1 | AW8: =COUNTIF(CX:CX,"S") -> 0 | AX8: =COUNTIF(CY:CY,"S") -> 8 | AY8: =COUNTIF(CZ:CZ,"S") -> 0 | AZ8: =COUNTIF(DA:DA,"S") -> 0 | BA8: =COUNTIF(DB:DB,"S") -> 0
C9: Points Earned / Price | F9: =F6/F5 -> 0.074074074 | G9: =G6/G5 -> 0 | H9: =H6/H5 -> 0.18181818 | I9: =I6/I5 -> 0 | J9: =J6/J5 -> 0.052631579 | K9: =K6/K5 -> 0.038461538 | L9: =L6/L5 -> 0.33333333 | M9: =M6/M5 -> 0.1 | ... BA9: =BA6/BA5 -> 0
B10: 26 | C10: =Entries!B91 -> NTourville1 | D10: =IF(C10="","",RANK(E10,$E$10:$E$111)) -> 1 | E10: =IF(C10="","",ROUND(SUM(F10:AK10),0)) -> 9 | F10: =IF(BG10="","",IF(BG10="x",F$6,0)+IF(BG10="S",-F$6-0.00001,0)) -> 2 | G10: =IF(BH10="","",IF(BH10="x",G$6,0)+IF(BH10="S",-G$6-0.00001,0)) -> 0 | H10: =IF(BI10="","",IF(BI10="x",H$6,0)+IF(BI10="S",-H$6-0.00001,0)) -> 2 | I10: =IF(BJ10="","",IF(BJ10="x",I$6,0)+IF(BJ10="S",-I$6-0.00001,0)) -> 0 | J10: =IF(BK10="","",IF(BK10="x",J$6,0)+IF(BK10="S",-J$6-0.00001,0)) -> 1 | K10: =IF(BL10="","",IF(BL10="x",K$6,0)+IF(BL10="S",-K$6-0.00001,0)) -> 1 | L10: =IF(BM10="","",IF(BM10="x",L$6,0)+IF(BM10="S",-L$6-0.00001,0)) -> 1 | M10: =IF(BN10="","",IF(BN10="x",M$6,0)+IF(BN10="S",-M$6-0.00001,0)) -> 1 | ... BA10: =IF(DB10="","",IF(DB10="x",BA$6,0)+IF(DB10="S",-BA$6-0.00001,0)) | BB10: No | BG10: =IF(NOT(ISERROR(HLOOKUP(Standings!BG$3,Entries!$C91:$K91,1,FALSE))),"x",IF(NOT(ISERROR(HLOOKUP(Standings!BG$3,Entries!$L91:$L91,1,FALSE))),"S","")) -> x | BH10: =IF(NOT(ISERROR(HLOOKUP(Standings!BH$3,Entries!$C91:$K91,1,FALSE))),"x",IF(NOT(ISERROR(HLOOKUP(Standings!BH$3,Entries!$L91:$L91,1,FALSE))),"S","")) -> x | BI10: =IF(NOT(ISERROR(HLOOKUP(Standings!BI$3,Entries!$C91:$K91,1,FALSE))),"x",IF(NOT(ISERROR(HLOOKUP(Standings!BI$3,Entries!$L91:$L91,1,FALSE))),"S","")) -> x | BJ10: =IF(NOT(ISERROR(HLOOKUP(Standings!BJ$3,Entries!$C91:$K91,1,FALSE))),"x",IF(NOT(ISERROR(HLOOKUP(Standings!BJ$3,Entries!$L91:$L91,1,FALSE))),"S","")) -> x | BK10: =IF(NOT(ISERROR(HLOOKUP(Standings!BK$3,Entries!$C91:$K91,1,FALSE))),"x",IF(NOT(ISERROR(HLOOKUP(Standings!BK$3,Entries!$L91:$L91,1,FALSE))),"S","")) -> x | BL10: =IF(NOT(ISERROR(HLOOKUP(Standings!BL$3,Entries!$C91:$K91,1,FALSE))),"x",IF(NOT(ISERROR(HLOOKUP(Standings!BL$3,Entries!$L91:$L91,1,FALSE))),"S","")) -> x | BM10: =IF(NOT(ISERROR(HLOOKUP(Standings!BM$3,Entries!$C91:$K91,1,FALSE))),"x",IF(NOT(ISERROR(HLOOKUP(Standings!BM$3,Entries!$L91:$L91,1,FALSE))),"S","")) -> x | BN10: =IF(NOT(ISERROR(HLOOKUP(Standings!BN$3,Entries!$C91:$K91,1,FALSE))),"x",IF(NOT(ISERROR(HLOOKUP(Standings!BN$3,Entries!$L91:$L91,1,FALSE))),"S","")) -> x | ... DB10: =IF(NOT(ISERROR(HLOOKUP(Standings!DB$3,Entries!$C91:$K91,1,FALSE))),"x",IF(NOT(ISERROR(HLOOKUP(Standings!DB$3,Entries!$L91:$L91,1,FALSE))),"S",""))
B11: 18 | C11: =Entries!B31 -> Sean ODonnell1 | D11: =IF(C11="","",RANK(E11,$E$10:$E$111)) -> 1 | E11: =IF(C11="","",ROUND(SUM(F11:AK11),0)) -> 9 | F11: =IF(BG11="","",IF(BG11="x",F$6,0)+IF(BG11="S",-F$6-0.00001,0)) | G11: =IF(BH11="","",IF(BH11="x",G$6,0)+IF(BH11="S",-G$6-0.00001,0)) | H11: =IF(BI11="","",IF(BI11="x",H$6,0)+IF(BI11="S",-H$6-0.00001,0)) -> 2 | I11: =IF(BJ11="","",IF(BJ11="x",I$6,0)+IF(BJ11="S",-I$6-0.00001,0)) | J11: =IF(BK11="","",IF(BK11="x",J$6,0)+IF(BK11="S",-J$6-0.00001,0)) | K11: =IF(BL11="","",IF(BL11="x",K$6,0)+IF(BL11="S",-K$6-0.00001,0)) -> 1 | L11: =IF(BM11="","",IF(BM11="x",L$6,0)+IF(BM11="S",-L$6-0.00001,0)) | M11: =IF(BN11="","",IF(BN11="x",M$6,0)+IF(BN11="S",-M$6-0.00001,0)) | ... BA11: =IF(DB11="","",IF(DB11="x",BA$6,0)+IF(DB11="S",-BA$6-0.00001,0)) | BB11: No | BG11: =IF(NOT(ISERROR(HLOOKUP(Standings!BG$3,Entries!$C31:$K31,1,FALSE))),"x",IF(NOT(ISERROR(HLOOKUP(Standings!BG$3,Entries!$L31:$L31,1,FALSE))),"S","")) | BH11: =IF(NOT(ISERROR(HLOOKUP(Standings!BH$3,Entries!$C31:$K31,1,FALSE))),"x",IF(NOT(ISERROR(HLOOKUP(Standings!BH$3,Entries!$L31:$L31,1,FALSE))),"S","")) | BI11: =IF(NOT(ISERROR(HLOOKUP(Standings!BI$3,Entries!$C31:$K31,1,FALSE))),"x",IF(NOT(ISERROR(HLOOKUP(Standings!BI$3,Entries!$L31:$L31,1,FALSE))),"S","")) -> x | BJ11: =IF(NOT(ISERROR(HLOOKUP(Standings!BJ$3,Entries!$C31:$K31,1,FALSE))),"x",IF(NOT(ISERROR(HLOOKUP(Standings!BJ$3,Entries!$L31:$L31,1,FALSE))),"S","")) | BK11: =IF(NOT(ISERROR(HLOOKUP(Standings!BK$3,Entries!$C31:$K31,1,FALSE))),"x",IF(NOT(ISERROR(HLOOKUP(Standings!BK$3,Entries!$L31:$L31,1,FALSE))),"S","")) | BL11: =IF(NOT(ISERROR(HLOOKUP(Standings!BL$3,Entries!$C31:$K31,1,FALSE))),"x",IF(NOT(ISERROR(HLOOKUP(Standings!BL$3,Entries!$L31:$L31,1,FALSE))),"S","")) -> x | BM11: =IF(NOT(ISERROR(HLOOKUP(Standings!BM$3,Entries!$C31:$K31,1,FALSE))),"x",IF(NOT(ISERROR(HLOOKUP(Standings!BM$3,Entries!$L31:$L31,1,FALSE))),"S","")) | BN11: =IF(NOT(ISERROR(HLOOKUP(Standings!BN$3,Entries!$C31:$K31,1,FALSE))),"x",IF(NOT(ISERROR(HLOOKUP(Standings!BN$3,Entries!$L31:$L31,1,FALSE))),"S","")) | ... DB11: =IF(NOT(ISERROR(HLOOKUP(Standings!DB$3,Entries!$C31:$K31,1,FALSE))),"x",IF(NOT(ISERROR(HLOOKUP(Standings!DB$3,Entries!$L31:$L31,1,FALSE))),"S",""))
B12: 2 | C12: =Entries!B12 -> NickHanson2 | D12: =IF(C12="","",RANK(E12,$E$10:$E$111)) -> 3 | E12: =IF(C12="","",ROUND(SUM(F12:AK12),0)) -> 8 | F12: =IF(BG12="","",IF(BG12="x",F$6,0)+IF(BG12="S",-F$6-0.00001,0)) -> 2 | G12: =IF(BH12="","",IF(BH12="x",G$6,0)+IF(BH12="S",-G$6-0.00001,0)) | H12: =IF(BI12="","",IF(BI12="x",H$6,0)+IF(BI12="S",-H$6-0.00001,0)) | I12: =IF(BJ12="","",IF(BJ12="x",I$6,0)+IF(BJ12="S",-I$6-0.00001,0)) | J12: =IF(BK12="","",IF(BK12="x",J$6,0)+IF(BK12="S",-J$6-0.00001,0)) | K12: =IF(BL12="","",IF(BL12="x",K$6,0)+IF(BL12="S",-K$6-0.00001,0)) | L12: =IF(BM12="","",IF(BM12="x",L$6,0)+IF(BM12="S",-L$6-0.00001,0)) | M12: =IF(BN12="","",IF(BN12="x",M$6,0)+IF(BN12="S",-M$6-0.00001,0)) | ... BA12: =IF(DB12="","",IF(DB12="x",BA$6,0)+IF(DB12="S",-BA$6-0.00001,0)) | BB12: No | BG12: =IF(NOT(ISERROR(HLOOKUP(Standings!BG$3,Entries!$C12:$K12,1,FALSE))),"x",IF(NOT(ISERROR(HLOOKUP(Standings!BG$3,Entries!$L12:$L12,1,FALSE))),"S","")) -> x | BH12: =IF(NOT(ISERROR(HLOOKUP(Standings!BH$3,Entries!$C12:$K12,1,FALSE))),"x",IF(NOT(ISERROR(HLOOKUP(Standings!BH$3,Entries!$L12:$L12,1,FALSE))),"S","")) | BI12: =IF(NOT(ISERROR(HLOOKUP(Standings!BI$3,Entries!$C12:$K12,1,FALSE))),"x",IF(NOT(ISERROR(HLOOKUP(Standings!BI$3,Entries!$L12:$L12,1,FALSE))),"S","")) | BJ12: =IF(NOT(ISERROR(HLOOKUP(Standings!BJ$3,Entries!$C12:$K12,1,FALSE))),"x",IF(NOT(ISERROR(HLOOKUP(Standings!BJ$3,Entries!$L12:$L12,1,FALSE))),"S","")) | BK12: =IF(NOT(ISERROR(HLOOKUP(Standings!BK$3,Entries!$C12:$K12,1,FALSE))),"x",IF(NOT(ISERROR(HLOOKUP(Standings!BK$3,Entries!$L12:$L12,1,FALSE))),"S","")) | BL12: =IF(NOT(ISERROR(HLOOKUP(Standings!BL$3,Entries!$C12:$K12,1,FALSE))),"x",IF(NOT(ISERROR(HLOOKUP(Standings!BL$3,Entries!$L12:$L12,1,FALSE))),"S","")) | BM12: =IF(NOT(ISERROR(HLOOKUP(Standings!BM$3,Entries!$C12:$K12,1,FALSE))),"x",IF(NOT(ISERROR(HLOOKUP(Standings!BM$3,Entries!$L12:$L12,1,FALSE))),"S","")) | BN12: =IF(NOT(ISERROR(HLOOKUP(Standings!BN$3,Entries!$C12:$K12,1,FALSE))),"x",IF(NOT(ISERROR(HLOOKUP(Standings!BN$3,Entries!$L12:$L12,1,FALSE))),"S","")) | ... DB12: =IF(NOT(ISERROR(HLOOKUP(Standings!DB$3,Entries!$C12:$K12,1,FALSE))),"x",IF(NOT(ISERROR(HLOOKUP(Standings!DB$3,Entries!$L12:$L12,1,FALSE))),"S",""))
B13: 39 | C13: =Entries!B32 -> Sean ODonnell2 | D13: =IF(C13="","",RANK(E13,$E$10:$E$111)) -> 3 | E13: =IF(C13="","",ROUND(SUM(F13:AK13),0)) -> 8 | F13: =IF(BG13="","",IF(BG13="x",F$6,0)+IF(BG13="S",-F$6-0.00001,0)) | G13: =IF(BH13="","",IF(BH13="x",G$6,0)+IF(BH13="S",-G$6-0.00001,0)) | H13: =IF(BI13="","",IF(BI13="x",H$6,0)+IF(BI13="S",-H$6-0.00001,0)) | I13: =IF(BJ13="","",IF(BJ13="x",I$6,0)+IF(BJ13="S",-I$6-0.00001,0)) | J13: =IF(BK13="","",IF(BK13="x",J$6,0)+IF(BK13="S",-J$6-0.00001,0)) | K13: =IF(BL13="","",IF(BL13="x",K$6,0)+IF(BL13="S",-K$6-0.00001,0)) | L13: =IF(BM13="","",IF(BM13="x",L$6,0)+IF(BM13="S",-L$6-0.00001,0)) | M13: =IF(BN13="","",IF(BN13="x",M$6,0)+IF(BN13="S",-M$6-0.00001,0)) | ... BA13: =IF(DB13="","",IF(DB13="x",BA$6,0)+IF(DB13="S",-BA$6-0.00001,0)) | BB13: No | BG13: =IF(NOT(ISERROR(HLOOKUP(Standings!BG$3,Entries!$C32:$K32,1,FALSE))),"x",IF(NOT(ISERROR(HLOOKUP(Standings!BG$3,Entries!$L32:$L32,1,FALSE))),"S","")) | BH13: =IF(NOT(ISERROR(HLOOKUP(Standings!BH$3,Entries!$C32:$K32,1,FALSE))),"x",IF(NOT(ISERROR(HLOOKUP(Standings!BH$3,Entries!$L32:$L32,1,FALSE))),"S","")) | BI13: =IF(NOT(ISERROR(HLOOKUP(Standings!BI$3,Entries!$C32:$K32,1,FALSE))),"x",IF(NOT(ISERROR(HLOOKUP(Standings!BI$3,Entries!$L32:$L32,1,FALSE))),"S","")) | BJ13: =IF(NOT(ISERROR(HLOOKUP(Standings!BJ$3,Entries!$C32:$K32,1,FALSE))),"x",IF(NOT(ISERROR(HLOOKUP(Standings!BJ$3,Entries!$L32:$L32,1,FALSE))),"S","")) | BK13: =IF(NOT(ISERROR(HLOOKUP(Standings!BK$3,Entries!$C32:$K32,1,FALSE))),"x",IF(NOT(ISERROR(HLOOKUP(Standings!BK$3,Entries!$L32:$L32,1,FALSE))),"S","")) | BL13: =IF(NOT(ISERROR(HLOOKUP(Standings!BL$3,Entries!$C32:$K32,1,FALSE))),"x",IF(NOT(ISERROR(HLOOKUP(Standings!BL$3,Entries!$L32:$L32,1,FALSE))),"S","")) | BM13: =IF(NOT(ISERROR(HLOOKUP(Standings!BM$3,Entries!$C32:$K32,1,FALSE))),"x",IF(NOT(ISERROR(HLOOKUP(Standings!BM$3,Entries!$L32:$L32,1,FALSE))),"S","")) | BN13: =IF(NOT(ISERROR(HLOOKUP(Standings!BN$3,Entries!$C32:$K32,1,FALSE))),"x",IF(NOT(ISERROR(HLOOKUP(Standings!BN$3,Entries!$L32:$L32,1,FALSE))),"S","")) | ... DB13: =IF(NOT(ISERROR(HLOOKUP(Standings!DB$3,Entries!$C32:$K32,1,FALSE))),"x",IF(NOT(ISERROR(HLOOKUP(Standings!DB$3,Entries!$L32:$L32,1,FALSE))),"S",""))
B14: 63 | C14: =Entries!B2 -> Corey Strand | D14: =IF(C14="","",RANK(E14,$E$10:$E$111)) -> 5 | E14: =IF(C14="","",ROUND(SUM(F14:AK14),0)) -> 7 | F14: =IF(BG14="","",IF(BG14="x",F$6,0)+IF(BG14="S",-F$6-0.00001,0)) -> 2 | G14: =IF(BH14="","",IF(BH14="x",G$6,0)+IF(BH14="S",-G$6-0.00001,0)) | H14: =IF(BI14="","",IF(BI14="x",H$6,0)+IF(BI14="S",-H$6-0.00001,0)) | I14: =IF(BJ14="","",IF(BJ14="x",I$6,0)+IF(BJ14="S",-I$6-0.00001,0)) | J14: =IF(BK14="","",IF(BK14="x",J$6,0)+IF(BK14="S",-J$6-0.00001,0)) | K14: =IF(BL14="","",IF(BL14="x",K$6,0)+IF(BL14="S",-K$6-0.00001,0)) | L14: =IF(BM14="","",IF(BM14="x",L$6,0)+IF(BM14="S",-L$6-0.00001,0)) -> 1 | M14: =IF(BN14="","",IF(BN14="x",M$6,0)+IF(BN14="S",-M$6-0.00001,0)) | ... BA14: =IF(DB14="","",IF(DB14="x",BA$6,0)+IF(DB14="S",-BA$6-0.00001,0)) | BB14: No | BG14: =IF(NOT(ISERROR(HLOOKUP(Standings!BG$3,Entries!$C2:$K2,1,FALSE))),"x",IF(NOT(ISERROR(HLOOKUP(Standings!BG$3,Entries!$L2:$L2,1,FALSE))),"S","")) -> x | BH14: =IF(NOT(ISERROR(HLOOKUP(Standings!BH$3,Entries!$C2:$K2,1,FALSE))),"x",IF(NOT(ISERROR(HLOOKUP(Standings!BH$3,Entries!$L2:$L2,1,FALSE))),"S","")) | BI14: =IF(NOT(ISERROR(HLOOKUP(Standings!BI$3,Entries!$C2:$K2,1,FALSE))),"x",IF(NOT(ISERROR(HLOOKUP(Standings!BI$3,Entries!$L2:$L2,1,FALSE))),"S","")) | BJ14: =IF(NOT(ISERROR(HLOOKUP(Standings!BJ$3,Entries!$C2:$K2,1,FALSE))),"x",IF(NOT(ISERROR(HLOOKUP(Standings!BJ$3,Entries!$L2:$L2,1,FALSE))),"S","")) | BK14: =IF(NOT(ISERROR(HLOOKUP(Standings!BK$3,Entries!$C2:$K2,1,FALSE))),"x",IF(NOT(ISERROR(HLOOKUP(Standings!BK$3,Entries!$L2:$L2,1,FALSE))),"S","")) | BL14: =IF(NOT(ISERROR(HLOOKUP(Standings!BL$3,Entries!$C2:$K2,1,FALSE))),"x",IF(NOT(ISERROR(HLOOKUP(Standings!BL$3,Entries!$L2:$L2,1,FALSE))),"S","")) | BM14: =IF(NOT(ISERROR(HLOOKUP(Standings!BM$3,Entries!$C2:$K2,1,FALSE))),"x",IF(NOT(ISERROR(HLOOKUP(Standings!BM$3,Entries!$L2:$L2,1,FALSE))),"S","")) -> x | BN14: =IF(NOT(ISERROR(HLOOKUP(Standings!BN$3,Entries!$C2:$K2,1,FALSE))),"x",IF(NOT(ISERROR(HLOOKUP(Standings!BN$3,Entries!$L2:$L2,1,FALSE))),"S","")) | ... DB14: =IF(NOT(ISERROR(HLOOKUP(Standings!DB$3,Entries!$C2:$K2,1,FALSE))),"x",IF(NOT(ISERROR(HLOOKUP(Standings!DB$3,Entries!$L2:$L2,1,FALSE))),"S",""))
B15: 38 | C15: =Entries!B17 -> JoelsBigShort | D15: =IF(C15="","",RANK(E15,$E$10:$E$111)) -> 5 | E15: =IF(C15="","",ROUND(SUM(F15:AK15),0)) -> 7 | F15: =IF(BG15="","",IF(BG15="x",F$6,0)+IF(BG15="S",-F$6-0.00001,0)) -> 2 | G15: =IF(BH15="","",IF(BH15="x",G$6,0)+IF(BH15="S",-G$6-0.00001,0)) | H15: =IF(BI15="","",IF(BI15="x",H$6,0)+IF(BI15="S",-H$6-0.00001,0)) | I15: =IF(BJ15="","",IF(BJ15="x",I$6,0)+IF(BJ15="S",-I$6-0.00001,0)) | J15: =IF(BK15="","",IF(BK15="x",J$6,0)+IF(BK15="S",-J$6-0.00001,0)) -> 1 | K15: =IF(BL15="","",IF(BL15="x",K$6,0)+IF(BL15="S",-K$6-0.00001,0)) -> 1 | L15: =IF(BM15="","",IF(BM15="x",L$6,0)+IF(BM15="S",-L$6-0.00001,0)) | M15: =IF(BN15="","",IF(BN15="x",M$6,0)+IF(BN15="S",-M$6-0.00001,0)) | ... BA15: =IF(DB15="","",IF(DB15="x",BA$6,0)+IF(DB15="S",-BA$6-0.00001,0)) | BB15: No | BG15: =IF(NOT(ISERROR(HLOOKUP(Standings!BG$3,Entries!$C17:$K17,1,FALSE))),"x",IF(NOT(ISERROR(HLOOKUP(Standings!BG$3,Entries!$L17:$L17,1,FALSE))),"S","")) -> x | BH15: =IF(NOT(ISERROR(HLOOKUP(Standings!BH$3,Entries!$C17:$K17,1,FALSE))),"x",IF(NOT(ISERROR(HLOOKUP(Standings!BH$3,Entries!$L17:$L17,1,FALSE))),"S","")) | BI15: =IF(NOT(ISERROR(HLOOKUP(Standings!BI$3,Entries!$C17:$K17,1,FALSE))),"x",IF(NOT(ISERROR(HLOOKUP(Standings!BI$3,Entries!$L17:$L17,1,FALSE))),"S","")) | BJ15: =IF(NOT(ISERROR(HLOOKUP(Standings!BJ$3,Entries!$C17:$K17,1,FALSE))),"x",IF(NOT(ISERROR(HLOOKUP(Standings!BJ$3,Entries!$L17:$L17,1,FALSE))),"S","")) | BK15: =IF(NOT(ISERROR(HLOOKUP(Standings!BK$3,Entries!$C17:$K17,1,FALSE))),"x",IF(NOT(ISERROR(HLOOKUP(Standings!BK$3,Entries!$L17:$L17,1,FALSE))),"S","")) -> x | BL15: =IF(NOT(ISERROR(HLOOKUP(Standings!BL$3,Entries!$C17:$K17,1,FALSE))),"x",IF(NOT(ISERROR(HLOOKUP(Standings!BL$3,Entries!$L17:$L17,1,FALSE))),"S","")) -> x | BM15: =IF(NOT(ISERROR(HLOOKUP(Standings!BM$3,Entries!$C17:$K17,1,FALSE))),"x",IF(NOT(ISERROR(HLOOKUP(Standings!BM$3,Entries!$L17:$L17,1,FALSE))),"S","")) | BN15: =IF(NOT(ISERROR(HLOOKUP(Standings!BN$3,Entries!$C17:$K17,1,FALSE))),"x",IF(NOT(ISERROR(HLOOKUP(Standings!BN$3,Entries!$L17:$L17,1,FALSE))),"S","")) | ... DB15: =IF(NOT(ISERROR(HLOOKUP(Standings!DB$3,Entries!$C17:$K17,1,FALSE))),"x",IF(NOT(ISERROR(HLOOKUP(Standings!DB$3,Entries!$L17:$L17,1,FALSE))),"S",""))
B16: 16 | C16: =Entries!B36 -> JoshTwohy1 | D16: =IF(C16="","",RANK(E16,$E$10:$E$111)) -> 5 | E16: =IF(C16="","",ROUND(SUM(F16:AK16),0)) -> 7 | F16: =IF(BG16="","",IF(BG16="x",F$6,0)+IF(BG16="S",-F$6-0.00001,0)) -> 2 | G16: =IF(BH16="","",IF(BH16="x",G$6,0)+IF(BH16="S",-G$6-0.00001,0)) | H16: =IF(BI16="","",IF(BI16="x",H$6,0)+IF(BI16="S",-H$6-0.00001,0)) | I16: =IF(BJ16="","",IF(BJ16="x",I$6,0)+IF(BJ16="S",-I$6-0.00001,0)) | J16: =IF(BK16="","",IF(BK16="x",J$6,0)+IF(BK16="S",-J$6-0.00001,0)) -> 1 | K16: =IF(BL16="","",IF(BL16="x",K$6,0)+IF(BL16="S",-K$6-0.00001,0)) -> 1 | L16: =IF(BM16="","",IF(BM16="x",L$6,0)+IF(BM16="S",-L$6-0.00001,0)) | M16: =IF(BN16="","",IF(BN16="x",M$6,0)+IF(BN16="S",-M$6-0.00001,0)) | ... BA16: =IF(DB16="","",IF(DB16="x",BA$6,0)+IF(DB16="S",-BA$6-0.00001,0)) | BB16: No | BG16: =IF(NOT(ISERROR(HLOOKUP(Standings!BG$3,Entries!$C36:$K36,1,FALSE))),"x",IF(NOT(ISERROR(HLOOKUP(Standings!BG$3,Entries!$L36:$L36,1,FALSE))),"S","")) -> x | BH16: =IF(NOT(ISERROR(HLOOKUP(Standings!BH$3,Entries!$C36:$K36,1,FALSE))),"x",IF(NOT(ISERROR(HLOOKUP(Standings!BH$3,Entries!$L36:$L36,1,FALSE))),"S","")) | BI16: =IF(NOT(ISERROR(HLOOKUP(Standings!BI$3,Entries!$C36:$K36,1,FALSE))),"x",IF(NOT(ISERROR(HLOOKUP(Standings!BI$3,Entries!$L36:$L36,1,FALSE))),"S","")) | BJ16: =IF(NOT(ISERROR(HLOOKUP(Standings!BJ$3,Entries!$C36:$K36,1,FALSE))),"x",IF(NOT(ISERROR(HLOOKUP(Standings!BJ$3,Entries!$L36:$L36,1,FALSE))),"S","")) | BK16: =IF(NOT(ISERROR(HLOOKUP(Standings!BK$3,Entries!$C36:$K36,1,FALSE))),"x",IF(NOT(ISERROR(HLOOKUP(Standings!BK$3,Entries!$L36:$L36,1,FALSE))),"S","")) -> x | BL16: =IF(NOT(ISERROR(HLOOKUP(Standings!BL$3,Entries!$C36:$K36,1,FALSE))),"x",IF(NOT(ISERROR(HLOOKUP(Standings!BL$3,Entries!$L36:$L36,1,FALSE))),"S","")) -> x | BM16: =IF(NOT(ISERROR(HLOOKUP(Standings!BM$3,Entries!$C36:$K36,1,FALSE))),"x",IF(NOT(ISERROR(HLOOKUP(Standings!BM$3,Entries!$L36:$L36,1,FALSE))),"S","")) | BN16: =IF(NOT(ISERROR(HLOOKUP(Standings!BN$3,Entries!$C36:$K36,1,FALSE))),"x",IF(NOT(ISERROR(HLOOKUP(Standings!BN$3,Entries!$L36:$L36,1,FALSE))),"S","")) | ... DB16: =IF(NOT(ISERROR(HLOOKUP(Standings!DB$3,Entries!$C36:$K36,1,FALSE))),"x",IF(NOT(ISERROR(HLOOKUP(Standings!DB$3,Entries!$L36:$L36,1,FALSE))),"S",""))
B17: 13 | C17: =Entries!B41 -> Niedermaier_2B | D17: =IF(C17="","",RANK(E17,$E$10:$E$111)) -> 5 | E17: =IF(C17="","",ROUND(SUM(F17:AK17),0)) -> 7 | F17: =IF(BG17="","",IF(BG17="x",F$6,0)+IF(BG17="S",-F$6-0.00001,0)) | G17: =IF(BH17="","",IF(BH17="x",G$6,0)+IF(BH17="S",-G$6-0.00001,0)) | H17: =IF(BI17="","",IF(BI17="x",H$6,0)+IF(BI17="S",-H$6-0.00001,0)) | I17: =IF(BJ17="","",IF(BJ17="x",I$6,0)+IF(BJ17="S",-I$6-0.00001,0)) | J17: =IF(BK17="","",IF(BK17="x",J$6,0)+IF(BK17="S",-J$6-0.00001,0)) | K17: =IF(BL17="","",IF(BL17="x",K$6,0)+IF(BL17="S",-K$6-0.00001,0)) | L17: =IF(BM17="","",IF(BM17="x",L$6,0)+IF(BM17="S",-L$6-0.00001,0)) | M17: =IF(BN17="","",IF(BN17="x",M$6,0)+IF(BN17="S",-M$6-0.00001,0)) | ... BA17: =IF(DB17="","",IF(DB17="x",BA$6,0)+IF(DB17="S",-BA$6-0.00001,0)) | BB17: No | BG17: =IF(NOT(ISERROR(HLOOKUP(Standings!BG$3,Entries!$C41:$K41,1,FALSE))),"x",IF(NOT(ISERROR(HLOOKUP(Standings!BG$3,Entries!$L41:$L41,1,FALSE))),"S","")) | BH17: =IF(NOT(ISERROR(HLOOKUP(Standings!BH$3,Entries!$C41:$K41,1,FALSE))),"x",IF(NOT(ISERROR(HLOOKUP(Standings!BH$3,Entries!$L41:$L41,1,FALSE))),"S","")) | BI17: =IF(NOT(ISERROR(HLOOKUP(Standings!BI$3,Entries!$C41:$K41,1,FALSE))),"x",IF(NOT(ISERROR(HLOOKUP(Standings!BI$3,Entries!$L41:$L41,1,FALSE))),"S","")) | BJ17: =IF(NOT(ISERROR(HLOOKUP(Standings!BJ$3,Entries!$C41:$K41,1,FALSE))),"x",IF(NOT(ISERROR(HLOOKUP(Standings!BJ$3,Entries!$L41:$L41,1,FALSE))),"S","")) | BK17: =IF(NOT(ISERROR(HLOOKUP(Standings!BK$3,Entries!$C41:$K41,1,FALSE))),"x",IF(NOT(ISERROR(HLOOKUP(Standings!BK$3,Entries!$L41:$L41,1,FALSE))),"S","")) | BL17: =IF(NOT(ISERROR(HLOOKUP(Standings!BL$3,Entries!$C41:$K41,1,FALSE))),"x",IF(NOT(ISERROR(HLOOKUP(Standings!BL$3,Entries!$L41:$L41,1,FALSE))),"S","")) | BM17: =IF(NOT(ISERROR(HLOOKUP(Standings!BM$3,Entries!$C41:$K41,1,FALSE))),"x",IF(NOT(ISERROR(HLOOKUP(Standings!BM$3,Entries!$L41:$L41,1,FALSE))),"S","")) | BN17: =IF(NOT(ISERROR(HLOOKUP(Standings!BN$3,Entries!$C41:$K41,1,FALSE))),"x",IF(NOT(ISERROR(HLOOKUP(Standings!BN$3,Entries!$L41:$L41,1,FALSE))),"S","")) | ... DB17: =IF(NOT(ISERROR(HLOOKUP(Standings!DB$3,Entries!$C41:$K41,1,FALSE))),"x",IF(NOT(ISERROR(HLOOKUP(Standings!DB$3,Entries!$L41:$L41,1,FALSE))),"S",""))
B18: 44 | C18: =Entries!B52 -> ZachSchaefer1 | D18: =IF(C18="","",RANK(E18,$E$10:$E$111)) -> 5 | E18: =IF(C18="","",ROUND(SUM(F18:AK18),0)) -> 7 | F18: =IF(BG18="","",IF(BG18="x",F$6,0)+IF(BG18="S",-F$6-0.00001,0)) | G18: =IF(BH18="","",IF(BH18="x",G$6,0)+IF(BH18="S",-G$6-0.00001,0)) | H18: =IF(BI18="","",IF(BI18="x",H$6,0)+IF(BI18="S",-H$6-0.00001,0)) -> 2 | I18: =IF(BJ18="","",IF(BJ18="x",I$6,0)+IF(BJ18="S",-I$6-0.00001,0)) | J18: =IF(BK18="","",IF(BK18="x",J$6,0)+IF(BK18="S",-J$6-0.00001,0)) | K18: =IF(BL18="","",IF(BL18="x",K$6,0)+IF(BL18="S",-K$6-0.00001,0)) | L18: =IF(BM18="","",IF(BM18="x",L$6,0)+IF(BM18="S",-L$6-0.00001,0)) | M18: =IF(BN18="","",IF(BN18="x",M$6,0)+IF(BN18="S",-M$6-0.00001,0)) | ... BA18: =IF(DB18="","",IF(DB18="x",BA$6,0)+IF(DB18="S",-BA$6-0.00001,0)) | BB18: No | BG18: =IF(NOT(ISERROR(HLOOKUP(Standings!BG$3,Entries!$C52:$K52,1,FALSE))),"x",IF(NOT(ISERROR(HLOOKUP(Standings!BG$3,Entries!$L52:$L52,1,FALSE))),"S","")) | BH18: =IF(NOT(ISERROR(HLOOKUP(Standings!BH$3,Entries!$C52:$K52,1,FALSE))),"x",IF(NOT(ISERROR(HLOOKUP(Standings!BH$3,Entries!$L52:$L52,1,FALSE))),"S","")) | BI18: =IF(NOT(ISERROR(HLOOKUP(Standings!BI$3,Entries!$C52:$K52,1,FALSE))),"x",IF(NOT(ISERROR(HLOOKUP(Standings!BI$3,Entries!$L52:$L52,1,FALSE))),"S","")) -> x | BJ18: =IF(NOT(ISERROR(HLOOKUP(Standings!BJ$3,Entries!$C52:$K52,1,FALSE))),"x",IF(NOT(ISERROR(HLOOKUP(Standings!BJ$3,Entries!$L52:$L52,1,FALSE))),"S","")) | BK18: =IF(NOT(ISERROR(HLOOKUP(Standings!BK$3,Entries!$C52:$K52,1,FALSE))),"x",IF(NOT(ISERROR(HLOOKUP(Standings!BK$3,Entries!$L52:$L52,1,FALSE))),"S","")) | BL18: =IF(NOT(ISERROR(HLOOKUP(Standings!BL$3,Entries!$C52:$K52,1,FALSE))),"x",IF(NOT(ISERROR(HLOOKUP(Standings!BL$3,Entries!$L52:$L52,1,FALSE))),"S","")) | BM18: =IF(NOT(ISERROR(HLOOKUP(Standings!BM$3,Entries!$C52:$K52,1,FALSE))),"x",IF(NOT(ISERROR(HLOOKUP(Standings!BM$3,Entries!$L52:$L52,1,FALSE))),"S","")) | BN18: =IF(NOT(ISERROR(HLOOKUP(Standings!BN$3,Entries!$C52:$K52,1,FALSE))),"x",IF(NOT(ISERROR(HLOOKUP(Standings!BN$3,Entries!$L52:$L52,1,FALSE))),"S","")) | ... DB18: =IF(NOT(ISERROR(HLOOKUP(Standings!DB$3,Entries!$C52:$K52,1,FALSE))),"x",IF(NOT(ISERROR(HLOOKUP(Standings!DB$3,Entries!$L52:$L52,1,FALSE))),"S",""))
B19: 26 | C19: =Entries!B101 -> Andy F2 | D19: =IF(C19="","",RANK(E19,$E$10:$E$111)) -> 5 | E19: =IF(C19="","",ROUND(SUM(F19:AK19),0)) -> 7 | F19: =IF(BG19="","",IF(BG19="x",F$6,0)+IF(BG19="S",-F$6-0.00001,0)) | G19: =IF(BH19="","",IF(BH19="x",G$6,0)+IF(BH19="S",-G$6-0.00001,0)) | H19: =IF(BI19="","",IF(BI19="x",H$6,0)+IF(BI19="S",-H$6-0.00001,0)) | I19: =IF(BJ19="","",IF(BJ19="x",I$6,0)+IF(BJ19="S",-I$6-0.00001,0)) -> 0 | J19: =IF(BK19="","",IF(BK19="x",J$6,0)+IF(BK19="S",-J$6-0.00001,0)) -> 1 | K19: =IF(BL19="","",IF(BL19="x",K$6,0)+IF(BL19="S",-K$6-0.00001,0)) | L19: =IF(BM19="","",IF(BM19="x",L$6,0)+IF(BM19="S",-L$6-0.00001,0)) | M19: =IF(BN19="","",IF(BN19="x",M$6,0)+IF(BN19="S",-M$6-0.00001,0)) | ... BA19: =IF(DB19="","",IF(DB19="x",BA$6,0)+IF(DB19="S",-BA$6-0.00001,0)) | BB19: No | BG19: =IF(NOT(ISERROR(HLOOKUP(Standings!BG$3,Entries!$C101:$K101,1,FALSE))),"x",IF(NOT(ISERROR(HLOOKUP(Standings!BG$3,Entries!$L101:$L101,1,FALSE))),"S","")) | BH19: =IF(NOT(ISERROR(HLOOKUP(Standings!BH$3,Entries!$C101:$K101,1,FALSE))),"x",IF(NOT(ISERROR(HLOOKUP(Standings!BH$3,Entries!$L101:$L101,1,FALSE))),"S","")) | BI19: =IF(NOT(ISERROR(HLOOKUP(Standings!BI$3,Entries!$C101:$K101,1,FALSE))),"x",IF(NOT(ISERROR(HLOOKUP(Standings!BI$3,Entries!$L101:$L101,1,FALSE))),"S","")) | BJ19: =IF(NOT(ISERROR(HLOOKUP(Standings!BJ$3,Entries!$C101:$K101,1,FALSE))),"x",IF(NOT(ISERROR(HLOOKUP(Standings!BJ$3,Entries!$L101:$L101,1,FALSE))),"S","")) -> x | BK19: =IF(NOT(ISERROR(HLOOKUP(Standings!BK$3,Entries!$C101:$K101,1,FALSE))),"x",IF(NOT(ISERROR(HLOOKUP(Standings!BK$3,Entries!$L101:$L101,1,FALSE))),"S","")) -> x | BL19: =IF(NOT(ISERROR(HLOOKUP(Standings!BL$3,Entries!$C101:$K101,1,FALSE))),"x",IF(NOT(ISERROR(HLOOKUP(Standings!BL$3,Entries!$L101:$L101,1,FALSE))),"S","")) | BM19: =IF(NOT(ISERROR(HLOOKUP(Standings!BM$3,Entries!$C101:$K101,1,FALSE))),"x",IF(NOT(ISERROR(HLOOKUP(Standings!BM$3,Entries!$L101:$L101,1,FALSE))),"S","")) | BN19: =IF(NOT(ISERROR(HLOOKUP(Standings!BN$3,Entries!$C101:$K101,1,FALSE))),"x",IF(NOT(ISERROR(HLOOKUP(Standings!BN$3,Entries!$L101:$L101,1,FALSE))),"S","")) | ... DB19: =IF(NOT(ISERROR(HLOOKUP(Standings!DB$3,Entries!$C101:$K101,1,FALSE))),"x",IF(NOT(ISERROR(HLOOKUP(Standings!DB$3,Entries!$L101:$L101,1,FALSE))),"S",""))
B20: 53 | C20: =Entries!B18 -> JoelsSenegalFlex | D20: =IF(C20="","",RANK(E20,$E$10:$E$111)) -> 11 | E20: =IF(C20="","",ROUND(SUM(F20:AK20),0)) -> 6 | F20: =IF(BG20="","",IF(BG20="x",F$6,0)+IF(BG20="S",-F$6-0.00001,0)) -> 2 | G20: =IF(BH20="","",IF(BH20="x",G$6,0)+IF(BH20="S",-G$6-0.00001,0)) | H20: =IF(BI20="","",IF(BI20="x",H$6,0)+IF(BI20="S",-H$6-0.00001,0)) | I20: =IF(BJ20="","",IF(BJ20="x",I$6,0)+IF(BJ20="S",-I$6-0.00001,0)) | J20: =IF(BK20="","",IF(BK20="x",J$6,0)+IF(BK20="S",-J$6-0.00001,0)) -> 1 | K20: =IF(BL20="","",IF(BL20="x",K$6,0)+IF(BL20="S",-K$6-0.00001,0)) -> 1 | L20: =IF(BM20="","",IF(BM20="x",L$6,0)+IF(BM20="S",-L$6-0.00001,0)) | M20: =IF(BN20="","",IF(BN20="x",M$6,0)+IF(BN20="S",-M$6-0.00001,0)) | ... BA20: =IF(DB20="","",IF(DB20="x",BA$6,0)+IF(DB20="S",-BA$6-0.00001,0)) | BB20: No | BG20: =IF(NOT(ISERROR(HLOOKUP(Standings!BG$3,Entries!$C18:$K18,1,FALSE))),"x",IF(NOT(ISERROR(HLOOKUP(Standings!BG$3,Entries!$L18:$L18,1,FALSE))),"S","")) -> x | BH20: =IF(NOT(ISERROR(HLOOKUP(Standings!BH$3,Entries!$C18:$K18,1,FALSE))),"x",IF(NOT(ISERROR(HLOOKUP(Standings!BH$3,Entries!$L18:$L18,1,FALSE))),"S","")) | BI20: =IF(NOT(ISERROR(HLOOKUP(Standings!BI$3,Entries!$C18:$K18,1,FALSE))),"x",IF(NOT(ISERROR(HLOOKUP(Standings!BI$3,Entries!$L18:$L18,1,FALSE))),"S","")) | BJ20: =IF(NOT(ISERROR(HLOOKUP(Standings!BJ$3,Entries!$C18:$K18,1,FALSE))),"x",IF(NOT(ISERROR(HLOOKUP(Standings!BJ$3,Entries!$L18:$L18,1,FALSE))),"S","")) | BK20: =IF(NOT(ISERROR(HLOOKUP(Standings!BK$3,Entries!$C18:$K18,1,FALSE))),"x",IF(NOT(ISERROR(HLOOKUP(Standings!BK$3,Entries!$L18:$L18,1,FALSE))),"S","")) -> x | BL20: =IF(NOT(ISERROR(HLOOKUP(Standings!BL$3,Entries!$C18:$K18,1,FALSE))),"x",IF(NOT(ISERROR(HLOOKUP(Standings!BL$3,Entries!$L18:$L18,1,FALSE))),"S","")) -> x | BM20: =IF(NOT(ISERROR(HLOOKUP(Standings!BM$3,Entries!$C18:$K18,1,FALSE))),"x",IF(NOT(ISERROR(HLOOKUP(Standings!BM$3,Entries!$L18:$L18,1,FALSE))),"S","")) | BN20: =IF(NOT(ISERROR(HLOOKUP(Standings!BN$3,Entries!$C18:$K18,1,FALSE))),"x",IF(NOT(ISERROR(HLOOKUP(Standings!BN$3,Entries!$L18:$L18,1,FALSE))),"S","")) | ... DB20: =IF(NOT(ISERROR(HLOOKUP(Standings!DB$3,Entries!$C18:$K18,1,FALSE))),"x",IF(NOT(ISERROR(HLOOKUP(Standings!DB$3,Entries!$L18:$L18,1,FALSE))),"S",""))
B21: 7 | C21: =Entries!B19 -> LaurenBullock | D21: =IF(C21="","",RANK(E21,$E$10:$E$111)) -> 11 | E21: =IF(C21="","",ROUND(SUM(F21:AK21),0)) -> 6 | F21: =IF(BG21="","",IF(BG21="x",F$6,0)+IF(BG21="S",-F$6-0.00001,0)) | G21: =IF(BH21="","",IF(BH21="x",G$6,0)+IF(BH21="S",-G$6-0.00001,0)) | H21: =IF(BI21="","",IF(BI21="x",H$6,0)+IF(BI21="S",-H$6-0.00001,0)) | I21: =IF(BJ21="","",IF(BJ21="x",I$6,0)+IF(BJ21="S",-I$6-0.00001,0)) | J21: =IF(BK21="","",IF(BK21="x",J$6,0)+IF(BK21="S",-J$6-0.00001,0)) | K21: =IF(BL21="","",IF(BL21="x",K$6,0)+IF(BL21="S",-K$6-0.00001,0)) | L21: =IF(BM21="","",IF(BM21="x",L$6,0)+IF(BM21="S",-L$6-0.00001,0)) | M21: =IF(BN21="","",IF(BN21="x",M$6,0)+IF(BN21="S",-M$6-0.00001,0)) | ... BA21: =IF(DB21="","",IF(DB21="x",BA$6,0)+IF(DB21="S",-BA$6-0.00001,0)) | BB21: No | BG21: =IF(NOT(ISERROR(HLOOKUP(Standings!BG$3,Entries!$C19:$K19,1,FALSE))),"x",IF(NOT(ISERROR(HLOOKUP(Standings!BG$3,Entries!$L19:$L19,1,FALSE))),"S","")) | BH21: =IF(NOT(ISERROR(HLOOKUP(Standings!BH$3,Entries!$C19:$K19,1,FALSE))),"x",IF(NOT(ISERROR(HLOOKUP(Standings!BH$3,Entries!$L19:$L19,1,FALSE))),"S","")) | BI21: =IF(NOT(ISERROR(HLOOKUP(Standings!BI$3,Entries!$C19:$K19,1,FALSE))),"x",IF(NOT(ISERROR(HLOOKUP(Standings!BI$3,Entries!$L19:$L19,1,FALSE))),"S","")) | BJ21: =IF(NOT(ISERROR(HLOOKUP(Standings!BJ$3,Entries!$C19:$K19,1,FALSE))),"x",IF(NOT(ISERROR(HLOOKUP(Standings!BJ$3,Entries!$L19:$L19,1,FALSE))),"S","")) | BK21: =IF(NOT(ISERROR(HLOOKUP(Standings!BK$3,Entries!$C19:$K19,1,FALSE))),"x",IF(NOT(ISERROR(HLOOKUP(Standings!BK$3,Entries!$L19:$L19,1,FALSE))),"S","")) | BL21: =IF(NOT(ISERROR(HLOOKUP(Standings!BL$3,Entries!$C19:$K19,1,FALSE))),"x",IF(NOT(ISERROR(HLOOKUP(Standings!BL$3,Entries!$L19:$L19,1,FALSE))),"S","")) | BM21: =IF(NOT(ISERROR(HLOOKUP(Standings!BM$3,Entries!$C19:$K19,1,FALSE))),"x",IF(NOT(ISERROR(HLOOKUP(Standings!BM$3,Entries!$L19:$L19,1,FALSE))),"S","")) | BN21: =IF(NOT(ISERROR(HLOOKUP(Standings!BN$3,Entries!$C19:$K19,1,FALSE))),"x",IF(NOT(ISERROR(HLOOKUP(Standings!BN$3,Entries!$L19:$L19,1,FALSE))),"S","")) | ... DB21: =IF(NOT(ISERROR(HLOOKUP(Standings!DB$3,Entries!$C19:$K19,1,FALSE))),"x",IF(NOT(ISERROR(HLOOKUP(Standings!DB$3,Entries!$L19:$L19,1,FALSE))),"S",""))
B22: 59 | C22: =Entries!B23 -> AinsleyBullock | D22: =IF(C22="","",RANK(E22,$E$10:$E$111)) -> 11 | E22: =IF(C22="","",ROUND(SUM(F22:AK22),0)) -> 6 | F22: =IF(BG22="","",IF(BG22="x",F$6,0)+IF(BG22="S",-F$6-0.00001,0)) -> 2 | G22: =IF(BH22="","",IF(BH22="x",G$6,0)+IF(BH22="S",-G$6-0.00001,0)) | H22: =IF(BI22="","",IF(BI22="x",H$6,0)+IF(BI22="S",-H$6-0.00001,0)) | I22: =IF(BJ22="","",IF(BJ22="x",I$6,0)+IF(BJ22="S",-I$6-0.00001,0)) | J22: =IF(BK22="","",IF(BK22="x",J$6,0)+IF(BK22="S",-J$6-0.00001,0)) -> 1 | K22: =IF(BL22="","",IF(BL22="x",K$6,0)+IF(BL22="S",-K$6-0.00001,0)) -> -1.00001 | L22: =IF(BM22="","",IF(BM22="x",L$6,0)+IF(BM22="S",-L$6-0.00001,0)) | M22: =IF(BN22="","",IF(BN22="x",M$6,0)+IF(BN22="S",-M$6-0.00001,0)) | ... BA22: =IF(DB22="","",IF(DB22="x",BA$6,0)+IF(DB22="S",-BA$6-0.00001,0)) | BB22: No | BG22: =IF(NOT(ISERROR(HLOOKUP(Standings!BG$3,Entries!$C23:$K23,1,FALSE))),"x",IF(NOT(ISERROR(HLOOKUP(Standings!BG$3,Entries!$L23:$L23,1,FALSE))),"S","")) -> x | BH22: =IF(NOT(ISERROR(HLOOKUP(Standings!BH$3,Entries!$C23:$K23,1,FALSE))),"x",IF(NOT(ISERROR(HLOOKUP(Standings!BH$3,Entries!$L23:$L23,1,FALSE))),"S","")) | BI22: =IF(NOT(ISERROR(HLOOKUP(Standings!BI$3,Entries!$C23:$K23,1,FALSE))),"x",IF(NOT(ISERROR(HLOOKUP(Standings!BI$3,Entries!$L23:$L23,1,FALSE))),"S","")) | BJ22: =IF(NOT(ISERROR(HLOOKUP(Standings!BJ$3,Entries!$C23:$K23,1,FALSE))),"x",IF(NOT(ISERROR(HLOOKUP(Standings!BJ$3,Entries!$L23:$L23,1,FALSE))),"S","")) | BK22: =IF(NOT(ISERROR(HLOOKUP(Standings!BK$3,Entries!$C23:$K23,1,FALSE))),"x",IF(NOT(ISERROR(HLOOKUP(Standings!BK$3,Entries!$L23:$L23,1,FALSE))),"S","")) -> x | BL22: =IF(NOT(ISERROR(HLOOKUP(Standings!BL$3,Entries!$C23:$K23,1,FALSE))),"x",IF(NOT(ISERROR(HLOOKUP(Standings!BL$3,Entries!$L23:$L23,1,FALSE))),"S","")) -> S | BM22: =IF(NOT(ISERROR(HLOOKUP(Standings!BM$3,Entries!$C23:$K23,1,FALSE))),"x",IF(NOT(ISERROR(HLOOKUP(Standings!BM$3,Entries!$L23:$L23,1,FALSE))),"S","")) | BN22: =IF(NOT(ISERROR(HLOOKUP(Standings!BN$3,Entries!$C23:$K23,1,FALSE))),"x",IF(NOT(ISERROR(HLOOKUP(Standings!BN$3,Entries!$L23:$L23,1,FALSE))),"S","")) | ... DB22: =IF(NOT(ISERROR(HLOOKUP(Standings!DB$3,Entries!$C23:$K23,1,FALSE))),"x",IF(NOT(ISERROR(HLOOKUP(Standings!DB$3,Entries!$L23:$L23,1,FALSE))),"S",""))
B23: 33 | C23: =Entries!B42 -> betsyg | D23: =IF(C23="","",RANK(E23,$E$10:$E$111)) -> 11 | E23: =IF(C23="","",ROUND(SUM(F23:AK23),0)) -> 6 | F23: =IF(BG23="","",IF(BG23="x",F$6,0)+IF(BG23="S",-F$6-0.00001,0)) -> 2 | G23: =IF(BH23="","",IF(BH23="x",G$6,0)+IF(BH23="S",-G$6-0.00001,0)) | H23: =IF(BI23="","",IF(BI23="x",H$6,0)+IF(BI23="S",-H$6-0.00001,0)) | I23: =IF(BJ23="","",IF(BJ23="x",I$6,0)+IF(BJ23="S",-I$6-0.00001,0)) | J23: =IF(BK23="","",IF(BK23="x",J$6,0)+IF(BK23="S",-J$6-0.00001,0)) | K23: =IF(BL23="","",IF(BL23="x",K$6,0)+IF(BL23="S",-K$6-0.00001,0)) -> 1 | L23: =IF(BM23="","",IF(BM23="x",L$6,0)+IF(BM23="S",-L$6-0.00001,0)) | M23: =IF(BN23="","",IF(BN23="x",M$6,0)+IF(BN23="S",-M$6-0.00001,0)) | ... BA23: =IF(DB23="","",IF(DB23="x",BA$6,0)+IF(DB23="S",-BA$6-0.00001,0)) | BB23: No | BG23: =IF(NOT(ISERROR(HLOOKUP(Standings!BG$3,Entries!$C42:$K42,1,FALSE))),"x",IF(NOT(ISERROR(HLOOKUP(Standings!BG$3,Entries!$L42:$L42,1,FALSE))),"S","")) -> x | BH23: =IF(NOT(ISERROR(HLOOKUP(Standings!BH$3,Entries!$C42:$K42,1,FALSE))),"x",IF(NOT(ISERROR(HLOOKUP(Standings!BH$3,Entries!$L42:$L42,1,FALSE))),"S","")) | BI23: =IF(NOT(ISERROR(HLOOKUP(Standings!BI$3,Entries!$C42:$K42,1,FALSE))),"x",IF(NOT(ISERROR(HLOOKUP(Standings!BI$3,Entries!$L42:$L42,1,FALSE))),"S","")) | BJ23: =IF(NOT(ISERROR(HLOOKUP(Standings!BJ$3,Entries!$C42:$K42,1,FALSE))),"x",IF(NOT(ISERROR(HLOOKUP(Standings!BJ$3,Entries!$L42:$L42,1,FALSE))),"S","")) | BK23: =IF(NOT(ISERROR(HLOOKUP(Standings!BK$3,Entries!$C42:$K42,1,FALSE))),"x",IF(NOT(ISERROR(HLOOKUP(Standings!BK$3,Entries!$L42:$L42,1,FALSE))),"S","")) | BL23: =IF(NOT(ISERROR(HLOOKUP(Standings!BL$3,Entries!$C42:$K42,1,FALSE))),"x",IF(NOT(ISERROR(HLOOKUP(Standings!BL$3,Entries!$L42:$L42,1,FALSE))),"S","")) -> x | BM23: =IF(NOT(ISERROR(HLOOKUP(Standings!BM$3,Entries!$C42:$K42,1,FALSE))),"x",IF(NOT(ISERROR(HLOOKUP(Standings!BM$3,Entries!$L42:$L42,1,FALSE))),"S","")) | BN23: =IF(NOT(ISERROR(HLOOKUP(Standings!BN$3,Entries!$C42:$K42,1,FALSE))),"x",IF(NOT(ISERROR(HLOOKUP(Standings!BN$3,Entries!$L42:$L42,1,FALSE))),"S","")) | ... DB23: =IF(NOT(ISERROR(HLOOKUP(Standings!DB$3,Entries!$C42:$K42,1,FALSE))),"x",IF(NOT(ISERROR(HLOOKUP(Standings!DB$3,Entries!$L42:$L42,1,FALSE))),"S",""))
B24: 45 | C24: =Entries!B56 -> JHudd2 | D24: =IF(C24="","",RANK(E24,$E$10:$E$111)) -> 11 | E24: =IF(C24="","",ROUND(SUM(F24:AK24),0)) -> 6 | F24: =IF(BG24="","",IF(BG24="x",F$6,0)+IF(BG24="S",-F$6-0.00001,0)) -> 2 | G24: =IF(BH24="","",IF(BH24="x",G$6,0)+IF(BH24="S",-G$6-0.00001,0)) | H24: =IF(BI24="","",IF(BI24="x",H$6,0)+IF(BI24="S",-H$6-0.00001,0)) | I24: =IF(BJ24="","",IF(BJ24="x",I$6,0)+IF(BJ24="S",-I$6-0.00001,0)) | J24: =IF(BK24="","",IF(BK24="x",J$6,0)+IF(BK24="S",-J$6-0.00001,0)) | K24: =IF(BL24="","",IF(BL24="x",K$6,0)+IF(BL24="S",-K$6-0.00001,0)) | L24: =IF(BM24="","",IF(BM24="x",L$6,0)+IF(BM24="S",-L$6-0.00001,0)) | M24: =IF(BN24="","",IF(BN24="x",M$6,0)+IF(BN24="S",-M$6-0.00001,0)) | ... BA24: =IF(DB24="","",IF(DB24="x",BA$6,0)+IF(DB24="S",-BA$6-0.00001,0)) | BB24: No | BG24: =IF(NOT(ISERROR(HLOOKUP(Standings!BG$3,Entries!$C56:$K56,1,FALSE))),"x",IF(NOT(ISERROR(HLOOKUP(Standings!BG$3,Entries!$L56:$L56,1,FALSE))),"S","")) -> x | BH24: =IF(NOT(ISERROR(HLOOKUP(Standings!BH$3,Entries!$C56:$K56,1,FALSE))),"x",IF(NOT(ISERROR(HLOOKUP(Standings!BH$3,Entries!$L56:$L56,1,FALSE))),"S","")) | BI24: =IF(NOT(ISERROR(HLOOKUP(Standings!BI$3,Entries!$C56:$K56,1,FALSE))),"x",IF(NOT(ISERROR(HLOOKUP(Standings!BI$3,Entries!$L56:$L56,1,FALSE))),"S","")) | BJ24: =IF(NOT(ISERROR(HLOOKUP(Standings!BJ$3,Entries!$C56:$K56,1,FALSE))),"x",IF(NOT(ISERROR(HLOOKUP(Standings!BJ$3,Entries!$L56:$L56,1,FALSE))),"S","")) | BK24: =IF(NOT(ISERROR(HLOOKUP(Standings!BK$3,Entries!$C56:$K56,1,FALSE))),"x",IF(NOT(ISERROR(HLOOKUP(Standings!BK$3,Entries!$L56:$L56,1,FALSE))),"S","")) | BL24: =IF(NOT(ISERROR(HLOOKUP(Standings!BL$3,Entries!$C56:$K56,1,FALSE))),"x",IF(NOT(ISERROR(HLOOKUP(Standings!BL$3,Entries!$L56:$L56,1,FALSE))),"S","")) | BM24: =IF(NOT(ISERROR(HLOOKUP(Standings!BM$3,Entries!$C56:$K56,1,FALSE))),"x",IF(NOT(ISERROR(HLOOKUP(Standings!BM$3,Entries!$L56:$L56,1,FALSE))),"S","")) | BN24: =IF(NOT(ISERROR(HLOOKUP(Standings!BN$3,Entries!$C56:$K56,1,FALSE))),"x",IF(NOT(ISERROR(HLOOKUP(Standings!BN$3,Entries!$L56:$L56,1,FALSE))),"S","")) | ... DB24: =IF(NOT(ISERROR(HLOOKUP(Standings!DB$3,Entries!$C56:$K56,1,FALSE))),"x",IF(NOT(ISERROR(HLOOKUP(Standings!DB$3,Entries!$L56:$L56,1,FALSE))),"S",""))
B25: 71 | C25: =Entries!B65 -> D*Rock | D25: =IF(C25="","",RANK(E25,$E$10:$E$111)) -> 11 | E25: =IF(C25="","",ROUND(SUM(F25:AK25),0)) -> 6 | F25: =IF(BG25="","",IF(BG25="x",F$6,0)+IF(BG25="S",-F$6-0.00001,0)) | G25: =IF(BH25="","",IF(BH25="x",G$6,0)+IF(BH25="S",-G$6-0.00001,0)) | H25: =IF(BI25="","",IF(BI25="x",H$6,0)+IF(BI25="S",-H$6-0.00001,0)) -> 2 | I25: =IF(BJ25="","",IF(BJ25="x",I$6,0)+IF(BJ25="S",-I$6-0.00001,0)) | J25: =IF(BK25="","",IF(BK25="x",J$6,0)+IF(BK25="S",-J$6-0.00001,0)) | K25: =IF(BL25="","",IF(BL25="x",K$6,0)+IF(BL25="S",-K$6-0.00001,0)) | L25: =IF(BM25="","",IF(BM25="x",L$6,0)+IF(BM25="S",-L$6-0.00001,0)) | M25: =IF(BN25="","",IF(BN25="x",M$6,0)+IF(BN25="S",-M$6-0.00001,0)) | ... BA25: =IF(DB25="","",IF(DB25="x",BA$6,0)+IF(DB25="S",-BA$6-0.00001,0)) | BB25: No | BG25: =IF(NOT(ISERROR(HLOOKUP(Standings!BG$3,Entries!$C65:$K65,1,FALSE))),"x",IF(NOT(ISERROR(HLOOKUP(Standings!BG$3,Entries!$L65:$L65,1,FALSE))),"S","")) | BH25: =IF(NOT(ISERROR(HLOOKUP(Standings!BH$3,Entries!$C65:$K65,1,FALSE))),"x",IF(NOT(ISERROR(HLOOKUP(Standings!BH$3,Entries!$L65:$L65,1,FALSE))),"S","")) | BI25: =IF(NOT(ISERROR(HLOOKUP(Standings!BI$3,Entries!$C65:$K65,1,FALSE))),"x",IF(NOT(ISERROR(HLOOKUP(Standings!BI$3,Entries!$L65:$L65,1,FALSE))),"S","")) -> x | BJ25: =IF(NOT(ISERROR(HLOOKUP(Standings!BJ$3,Entries!$C65:$K65,1,FALSE))),"x",IF(NOT(ISERROR(HLOOKUP(Standings!BJ$3,Entries!$L65:$L65,1,FALSE))),"S","")) | BK25: =IF(NOT(ISERROR(HLOOKUP(Standings!BK$3,Entries!$C65:$K65,1,FALSE))),"x",IF(NOT(ISERROR(HLOOKUP(Standings!BK$3,Entries!$L65:$L65,1,FALSE))),"S","")) | BL25: =IF(NOT(ISERROR(HLOOKUP(Standings!BL$3,Entries!$C65:$K65,1,FALSE))),"x",IF(NOT(ISERROR(HLOOKUP(Standings!BL$3,Entries!$L65:$L65,1,FALSE))),"S","")) | BM25: =IF(NOT(ISERROR(HLOOKUP(Standings!BM$3,Entries!$C65:$K65,1,FALSE))),"x",IF(NOT(ISERROR(HLOOKUP(Standings!BM$3,Entries!$L65:$L65,1,FALSE))),"S","")) | BN25: =IF(NOT(ISERROR(HLOOKUP(Standings!BN$3,Entries!$C65:$K65,1,FALSE))),"x",IF(NOT(ISERROR(HLOOKUP(Standings!BN$3,Entries!$L65:$L65,1,FALSE))),"S","")) | ... DB25: =IF(NOT(ISERROR(HLOOKUP(Standings!DB$3,Entries!$C65:$K65,1,FALSE))),"x",IF(NOT(ISERROR(HLOOKUP(Standings!DB$3,Entries!$L65:$L65,1,FALSE))),"S",""))
B26: 31 | C26: =Entries!B67 -> Bwelter | D26: =IF(C26="","",RANK(E26,$E$10:$E$111)) -> 11 | E26: =IF(C26="","",ROUND(SUM(F26:AK26),0)) -> 6 | F26: =IF(BG26="","",IF(BG26="x",F$6,0)+IF(BG26="S",-F$6-0.00001,0)) | G26: =IF(BH26="","",IF(BH26="x",G$6,0)+IF(BH26="S",-G$6-0.00001,0)) | H26: =IF(BI26="","",IF(BI26="x",H$6,0)+IF(BI26="S",-H$6-0.00001,0)) | I26: =IF(BJ26="","",IF(BJ26="x",I$6,0)+IF(BJ26="S",-I$6-0.00001,0)) | J26: =IF(BK26="","",IF(BK26="x",J$6,0)+IF(BK26="S",-J$6-0.00001,0)) -> 1 | K26: =IF(BL26="","",IF(BL26="x",K$6,0)+IF(BL26="S",-K$6-0.00001,0)) | L26: =IF(BM26="","",IF(BM26="x",L$6,0)+IF(BM26="S",-L$6-0.00001,0)) | M26: =IF(BN26="","",IF(BN26="x",M$6,0)+IF(BN26="S",-M$6-0.00001,0)) | ... BA26: =IF(DB26="","",IF(DB26="x",BA$6,0)+IF(DB26="S",-BA$6-0.00001,0)) | BB26: No | BG26: =IF(NOT(ISERROR(HLOOKUP(Standings!BG$3,Entries!$C67:$K67,1,FALSE))),"x",IF(NOT(ISERROR(HLOOKUP(Standings!BG$3,Entries!$L67:$L67,1,FALSE))),"S","")) | BH26: =IF(NOT(ISERROR(HLOOKUP(Standings!BH$3,Entries!$C67:$K67,1,FALSE))),"x",IF(NOT(ISERROR(HLOOKUP(Standings!BH$3,Entries!$L67:$L67,1,FALSE))),"S","")) | BI26: =IF(NOT(ISERROR(HLOOKUP(Standings!BI$3,Entries!$C67:$K67,1,FALSE))),"x",IF(NOT(ISERROR(HLOOKUP(Standings!BI$3,Entries!$L67:$L67,1,FALSE))),"S","")) | BJ26: =IF(NOT(ISERROR(HLOOKUP(Standings!BJ$3,Entries!$C67:$K67,1,FALSE))),"x",IF(NOT(ISERROR(HLOOKUP(Standings!BJ$3,Entries!$L67:$L67,1,FALSE))),"S","")) | BK26: =IF(NOT(ISERROR(HLOOKUP(Standings!BK$3,Entries!$C67:$K67,1,FALSE))),"x",IF(NOT(ISERROR(HLOOKUP(Standings!BK$3,Entries!$L67:$L67,1,FALSE))),"S","")) -> x | BL26: =IF(NOT(ISERROR(HLOOKUP(Standings!BL$3,Entries!$C67:$K67,1,FALSE))),"x",IF(NOT(ISERROR(HLOOKUP(Standings!BL$3,Entries!$L67:$L67,1,FALSE))),"S","")) | BM26: =IF(NOT(ISERROR(HLOOKUP(Standings!BM$3,Entries!$C67:$K67,1,FALSE))),"x",IF(NOT(ISERROR(HLOOKUP(Standings!BM$3,Entries!$L67:$L67,1,FALSE))),"S","")) | BN26: =IF(NOT(ISERROR(HLOOKUP(Standings!BN$3,Entries!$C67:$K67,1,FALSE))),"x",IF(NOT(ISERROR(HLOOKUP(Standings!BN$3,Entries!$L67:$L67,1,FALSE))),"S","")) | ... DB26: =IF(NOT(ISERROR(HLOOKUP(Standings!DB$3,Entries!$C67:$K67,1,FALSE))),"x",IF(NOT(ISERROR(HLOOKUP(Standings!DB$3,Entries!$L67:$L67,1,FALSE))),"S",""))
B27: 26 | C27: =Entries!B76 -> BBRooks | D27: =IF(C27="","",RANK(E27,$E$10:$E$111)) -> 11 | E27: =IF(C27="","",ROUND(SUM(F27:AK27),0)) -> 6 | F27: =IF(BG27="","",IF(BG27="x",F$6,0)+IF(BG27="S",-F$6-0.00001,0)) | G27: =IF(BH27="","",IF(BH27="x",G$6,0)+IF(BH27="S",-G$6-0.00001,0)) | H27: =IF(BI27="","",IF(BI27="x",H$6,0)+IF(BI27="S",-H$6-0.00001,0)) | I27: =IF(BJ27="","",IF(BJ27="x",I$6,0)+IF(BJ27="S",-I$6-0.00001,0)) | J27: =IF(BK27="","",IF(BK27="x",J$6,0)+IF(BK27="S",-J$6-0.00001,0)) | K27: =IF(BL27="","",IF(BL27="x",K$6,0)+IF(BL27="S",-K$6-0.00001,0)) | L27: =IF(BM27="","",IF(BM27="x",L$6,0)+IF(BM27="S",-L$6-0.00001,0)) | M27: =IF(BN27="","",IF(BN27="x",M$6,0)+IF(BN27="S",-M$6-0.00001,0)) | ... BA27: =IF(DB27="","",IF(DB27="x",BA$6,0)+IF(DB27="S",-BA$6-0.00001,0)) | BB27: No | BG27: =IF(NOT(ISERROR(HLOOKUP(Standings!BG$3,Entries!$C76:$K76,1,FALSE))),"x",IF(NOT(ISERROR(HLOOKUP(Standings!BG$3,Entries!$L76:$L76,1,FALSE))),"S","")) | BH27: =IF(NOT(ISERROR(HLOOKUP(Standings!BH$3,Entries!$C76:$K76,1,FALSE))),"x",IF(NOT(ISERROR(HLOOKUP(Standings!BH$3,Entries!$L76:$L76,1,FALSE))),"S","")) | BI27: =IF(NOT(ISERROR(HLOOKUP(Standings!BI$3,Entries!$C76:$K76,1,FALSE))),"x",IF(NOT(ISERROR(HLOOKUP(Standings!BI$3,Entries!$L76:$L76,1,FALSE))),"S","")) | BJ27: =IF(NOT(ISERROR(HLOOKUP(Standings!BJ$3,Entries!$C76:$K76,1,FALSE))),"x",IF(NOT(ISERROR(HLOOKUP(Standings!BJ$3,Entries!$L76:$L76,1,FALSE))),"S","")) | BK27: =IF(NOT(ISERROR(HLOOKUP(Standings!BK$3,Entries!$C76:$K76,1,FALSE))),"x",IF(NOT(ISERROR(HLOOKUP(Standings!BK$3,Entries!$L76:$L76,1,FALSE))),"S","")) | BL27: =IF(NOT(ISERROR(HLOOKUP(Standings!BL$3,Entries!$C76:$K76,1,FALSE))),"x",IF(NOT(ISERROR(HLOOKUP(Standings!BL$3,Entries!$L76:$L76,1,FALSE))),"S","")) | BM27: =IF(NOT(ISERROR(HLOOKUP(Standings!BM$3,Entries!$C76:$K76,1,FALSE))),"x",IF(NOT(ISERROR(HLOOKUP(Standings!BM$3,Entries!$L76:$L76,1,FALSE))),"S","")) | BN27: =IF(NOT(ISERROR(HLOOKUP(Standings!BN$3,Entries!$C76:$K76,1,FALSE))),"x",IF(NOT(ISERROR(HLOOKUP(Standings!BN$3,Entries!$L76:$L76,1,FALSE))),"S","")) | ... DB27: =IF(NOT(ISERROR(HLOOKUP(Standings!DB$3,Entries!$C76:$K76,1,FALSE))),"x",IF(NOT(ISERROR(HLOOKUP(Standings!DB$3,Entries!$L76:$L76,1,FALSE))),"S",""))
B28: 26 | C28: =Entries!B83 -> RobertSpangler | D28: =IF(C28="","",RANK(E28,$E$10:$E$111)) -> 11 | E28: =IF(C28="","",ROUND(SUM(F28:AK28),0)) -> 6 | F28: =IF(BG28="","",IF(BG28="x",F$6,0)+IF(BG28="S",-F$6-0.00001,0)) -> 2 | G28: =IF(BH28="","",IF(BH28="x",G$6,0)+IF(BH28="S",-G$6-0.00001,0)) | H28: =IF(BI28="","",IF(BI28="x",H$6,0)+IF(BI28="S",-H$6-0.00001,0)) | I28: =IF(BJ28="","",IF(BJ28="x",I$6,0)+IF(BJ28="S",-I$6-0.00001,0)) | J28: =IF(BK28="","",IF(BK28="x",J$6,0)+IF(BK28="S",-J$6-0.00001,0)) | K28: =IF(BL28="","",IF(BL28="x",K$6,0)+IF(BL28="S",-K$6-0.00001,0)) | L28: =IF(BM28="","",IF(BM28="x",L$6,0)+IF(BM28="S",-L$6-0.00001,0)) | M28: =IF(BN28="","",IF(BN28="x",M$6,0)+IF(BN28="S",-M$6-0.00001,0)) | ... BA28: =IF(DB28="","",IF(DB28="x",BA$6,0)+IF(DB28="S",-BA$6-0.00001,0)) | BB28: No | BG28: =IF(NOT(ISERROR(HLOOKUP(Standings!BG$3,Entries!$C83:$K83,1,FALSE))),"x",IF(NOT(ISERROR(HLOOKUP(Standings!BG$3,Entries!$L83:$L83,1,FALSE))),"S","")) -> x | BH28: =IF(NOT(ISERROR(HLOOKUP(Standings!BH$3,Entries!$C83:$K83,1,FALSE))),"x",IF(NOT(ISERROR(HLOOKUP(Standings!BH$3,Entries!$L83:$L83,1,FALSE))),"S","")) | BI28: =IF(NOT(ISERROR(HLOOKUP(Standings!BI$3,Entries!$C83:$K83,1,FALSE))),"x",IF(NOT(ISERROR(HLOOKUP(Standings!BI$3,Entries!$L83:$L83,1,FALSE))),"S","")) | BJ28: =IF(NOT(ISERROR(HLOOKUP(Standings!BJ$3,Entries!$C83:$K83,1,FALSE))),"x",IF(NOT(ISERROR(HLOOKUP(Standings!BJ$3,Entries!$L83:$L83,1,FALSE))),"S","")) | BK28: =IF(NOT(ISERROR(HLOOKUP(Standings!BK$3,Entries!$C83:$K83,1,FALSE))),"x",IF(NOT(ISERROR(HLOOKUP(Standings!BK$3,Entries!$L83:$L83,1,FALSE))),"S","")) | BL28: =IF(NOT(ISERROR(HLOOKUP(Standings!BL$3,Entries!$C83:$K83,1,FALSE))),"x",IF(NOT(ISERROR(HLOOKUP(Standings!BL$3,Entries!$L83:$L83,1,FALSE))),"S","")) | BM28: =IF(NOT(ISERROR(HLOOKUP(Standings!BM$3,Entries!$C83:$K83,1,FALSE))),"x",IF(NOT(ISERROR(HLOOKUP(Standings!BM$3,Entries!$L83:$L83,1,FALSE))),"S","")) | BN28: =IF(NOT(ISERROR(HLOOKUP(Standings!BN$3,Entries!$C83:$K83,1,FALSE))),"x",IF(NOT(ISERROR(HLOOKUP(Standings!BN$3,Entries!$L83:$L83,1,FALSE))),"S","")) | ... DB28: =IF(NOT(ISERROR(HLOOKUP(Standings!DB$3,Entries!$C83:$K83,1,FALSE))),"x",IF(NOT(ISERROR(HLOOKUP(Standings!DB$3,Entries!$L83:$L83,1,FALSE))),"S",""))
B29: 26 | C29: =Entries!B96 -> jongerdin2 | D29: =IF(C29="","",RANK(E29,$E$10:$E$111)) -> 11 | E29: =IF(C29="","",ROUND(SUM(F29:AK29),0)) -> 6 | F29: =IF(BG29="","",IF(BG29="x",F$6,0)+IF(BG29="S",-F$6-0.00001,0)) -> 2 | G29: =IF(BH29="","",IF(BH29="x",G$6,0)+IF(BH29="S",-G$6-0.00001,0)) | H29: =IF(BI29="","",IF(BI29="x",H$6,0)+IF(BI29="S",-H$6-0.00001,0)) | I29: =IF(BJ29="","",IF(BJ29="x",I$6,0)+IF(BJ29="S",-I$6-0.00001,0)) | J29: =IF(BK29="","",IF(BK29="x",J$6,0)+IF(BK29="S",-J$6-0.00001,0)) -> 1 | K29: =IF(BL29="","",IF(BL29="x",K$6,0)+IF(BL29="S",-K$6-0.00001,0)) -> 1 | L29: =IF(BM29="","",IF(BM29="x",L$6,0)+IF(BM29="S",-L$6-0.00001,0)) | M29: =IF(BN29="","",IF(BN29="x",M$6,0)+IF(BN29="S",-M$6-0.00001,0)) | ... BA29: =IF(DB29="","",IF(DB29="x",BA$6,0)+IF(DB29="S",-BA$6-0.00001,0)) | BB29: No | BG29: =IF(NOT(ISERROR(HLOOKUP(Standings!BG$3,Entries!$C96:$K96,1,FALSE))),"x",IF(NOT(ISERROR(HLOOKUP(Standings!BG$3,Entries!$L96:$L96,1,FALSE))),"S","")) -> x | BH29: =IF(NOT(ISERROR(HLOOKUP(Standings!BH$3,Entries!$C96:$K96,1,FALSE))),"x",IF(NOT(ISERROR(HLOOKUP(Standings!BH$3,Entries!$L96:$L96,1,FALSE))),"S","")) | BI29: =IF(NOT(ISERROR(HLOOKUP(Standings!BI$3,Entries!$C96:$K96,1,FALSE))),"x",IF(NOT(ISERROR(HLOOKUP(Standings!BI$3,Entries!$L96:$L96,1,FALSE))),"S","")) | BJ29: =IF(NOT(ISERROR(HLOOKUP(Standings!BJ$3,Entries!$C96:$K96,1,FALSE))),"x",IF(NOT(ISERROR(HLOOKUP(Standings!BJ$3,Entries!$L96:$L96,1,FALSE))),"S","")) | BK29: =IF(NOT(ISERROR(HLOOKUP(Standings!BK$3,Entries!$C96:$K96,1,FALSE))),"x",IF(NOT(ISERROR(HLOOKUP(Standings!BK$3,Entries!$L96:$L96,1,FALSE))),"S","")) -> x | BL29: =IF(NOT(ISERROR(HLOOKUP(Standings!BL$3,Entries!$C96:$K96,1,FALSE))),"x",IF(NOT(ISERROR(HLOOKUP(Standings!BL$3,Entries!$L96:$L96,1,FALSE))),"S","")) -> x | BM29: =IF(NOT(ISERROR(HLOOKUP(Standings!BM$3,Entries!$C96:$K96,1,FALSE))),"x",IF(NOT(ISERROR(HLOOKUP(Standings!BM$3,Entries!$L96:$L96,1,FALSE))),"S","")) | BN29: =IF(NOT(ISERROR(HLOOKUP(Standings!BN$3,Entries!$C96:$K96,1,FALSE))),"x",IF(NOT(ISERROR(HLOOKUP(Standings!BN$3,Entries!$L96:$L96,1,FALSE))),"S","")) | ... DB29: =IF(NOT(ISERROR(HLOOKUP(Standings!DB$3,Entries!$C96:$K96,1,FALSE))),"x",IF(NOT(ISERROR(HLOOKUP(Standings!DB$3,Entries!$L96:$L96,1,FALSE))),"S",""))
B30: 62 | C30: =Entries!B11 -> NickHanson1 | D30: =IF(C30="","",RANK(E30,$E$10:$E$111)) -> 21 | E30: =IF(C30="","",ROUND(SUM(F30:AK30),0)) -> 5 | F30: =IF(BG30="","",IF(BG30="x",F$6,0)+IF(BG30="S",-F$6-0.00001,0)) -> 2 | G30: =IF(BH30="","",IF(BH30="x",G$6,0)+IF(BH30="S",-G$6-0.00001,0)) | H30: =IF(BI30="","",IF(BI30="x",H$6,0)+IF(BI30="S",-H$6-0.00001,0)) | I30: =IF(BJ30="","",IF(BJ30="x",I$6,0)+IF(BJ30="S",-I$6-0.00001,0)) | J30: =IF(BK30="","",IF(BK30="x",J$6,0)+IF(BK30="S",-J$6-0.00001,0)) -> 1 | K30: =IF(BL30="","",IF(BL30="x",K$6,0)+IF(BL30="S",-K$6-0.00001,0)) | L30: =IF(BM30="","",IF(BM30="x",L$6,0)+IF(BM30="S",-L$6-0.00001,0)) | M30: =IF(BN30="","",IF(BN30="x",M$6,0)+IF(BN30="S",-M$6-0.00001,0)) | ... BA30: =IF(DB30="","",IF(DB30="x",BA$6,0)+IF(DB30="S",-BA$6-0.00001,0)) -> 0 | BB30: No | BG30: =IF(NOT(ISERROR(HLOOKUP(Standings!BG$3,Entries!$C11:$K11,1,FALSE))),"x",IF(NOT(ISERROR(HLOOKUP(Standings!BG$3,Entries!$L11:$L11,1,FALSE))),"S","")) -> x | BH30: =IF(NOT(ISERROR(HLOOKUP(Standings!BH$3,Entries!$C11:$K11,1,FALSE))),"x",IF(NOT(ISERROR(HLOOKUP(Standings!BH$3,Entries!$L11:$L11,1,FALSE))),"S","")) | BI30: =IF(NOT(ISERROR(HLOOKUP(Standings!BI$3,Entries!$C11:$K11,1,FALSE))),"x",IF(NOT(ISERROR(HLOOKUP(Standings!BI$3,Entries!$L11:$L11,1,FALSE))),"S","")) | BJ30: =IF(NOT(ISERROR(HLOOKUP(Standings!BJ$3,Entries!$C11:$K11,1,FALSE))),"x",IF(NOT(ISERROR(HLOOKUP(Standings!BJ$3,Entries!$L11:$L11,1,FALSE))),"S","")) | BK30: =IF(NOT(ISERROR(HLOOKUP(Standings!BK$3,Entries!$C11:$K11,1,FALSE))),"x",IF(NOT(ISERROR(HLOOKUP(Standings!BK$3,Entries!$L11:$L11,1,FALSE))),"S","")) -> x | BL30: =IF(NOT(ISERROR(HLOOKUP(Standings!BL$3,Entries!$C11:$K11,1,FALSE))),"x",IF(NOT(ISERROR(HLOOKUP(Standings!BL$3,Entries!$L11:$L11,1,FALSE))),"S","")) | BM30: =IF(NOT(ISERROR(HLOOKUP(Standings!BM$3,Entries!$C11:$K11,1,FALSE))),"x",IF(NOT(ISERROR(HLOOKUP(Standings!BM$3,Entries!$L11:$L11,1,FALSE))),"S","")) | BN30: =IF(NOT(ISERROR(HLOOKUP(Standings!BN$3,Entries!$C11:$K11,1,FALSE))),"x",IF(NOT(ISERROR(HLOOKUP(Standings!BN$3,Entries!$L11:$L11,1,FALSE))),"S","")) | ... DB30: =IF(NOT(ISERROR(HLOOKUP(Standings!DB$3,Entries!$C11:$K11,1,FALSE))),"x",IF(NOT(ISERROR(HLOOKUP(Standings!DB$3,Entries!$L11:$L11,1,FALSE))),"S","")) -> x
B31: 22 | C31: =Entries!B13 -> shoup1 | D31: =IF(C31="","",RANK(E31,$E$10:$E$111)) -> 21 | E31: =IF(C31="","",ROUND(SUM(F31:AK31),0)) -> 5 | F31: =IF(BG31="","",IF(BG31="x",F$6,0)+IF(BG31="S",-F$6-0.00001,0)) | G31: =IF(BH31="","",IF(BH31="x",G$6,0)+IF(BH31="S",-G$6-0.00001,0)) | H31: =IF(BI31="","",IF(BI31="x",H$6,0)+IF(BI31="S",-H$6-0.00001,0)) | I31: =IF(BJ31="","",IF(BJ31="x",I$6,0)+IF(BJ31="S",-I$6-0.00001,0)) | J31: =IF(BK31="","",IF(BK31="x",J$6,0)+IF(BK31="S",-J$6-0.00001,0)) -> 1 | K31: =IF(BL31="","",IF(BL31="x",K$6,0)+IF(BL31="S",-K$6-0.00001,0)) | L31: =IF(BM31="","",IF(BM31="x",L$6,0)+IF(BM31="S",-L$6-0.00001,0)) | M31: =IF(BN31="","",IF(BN31="x",M$6,0)+IF(BN31="S",-M$6-0.00001,0)) | ... BA31: =IF(DB31="","",IF(DB31="x",BA$6,0)+IF(DB31="S",-BA$6-0.00001,0)) | BB31: No | BG31: =IF(NOT(ISERROR(HLOOKUP(Standings!BG$3,Entries!$C13:$K13,1,FALSE))),"x",IF(NOT(ISERROR(HLOOKUP(Standings!BG$3,Entries!$L13:$L13,1,FALSE))),"S","")) | BH31: =IF(NOT(ISERROR(HLOOKUP(Standings!BH$3,Entries!$C13:$K13,1,FALSE))),"x",IF(NOT(ISERROR(HLOOKUP(Standings!BH$3,Entries!$L13:$L13,1,FALSE))),"S","")) | BI31: =IF(NOT(ISERROR(HLOOKUP(Standings!BI$3,Entries!$C13:$K13,1,FALSE))),"x",IF(NOT(ISERROR(HLOOKUP(Standings!BI$3,Entries!$L13:$L13,1,FALSE))),"S","")) | BJ31: =IF(NOT(ISERROR(HLOOKUP(Standings!BJ$3,Entries!$C13:$K13,1,FALSE))),"x",IF(NOT(ISERROR(HLOOKUP(Standings!BJ$3,Entries!$L13:$L13,1,FALSE))),"S","")) | BK31: =IF(NOT(ISERROR(HLOOKUP(Standings!BK$3,Entries!$C13:$K13,1,FALSE))),"x",IF(NOT(ISERROR(HLOOKUP(Standings!BK$3,Entries!$L13:$L13,1,FALSE))),"S","")) -> x | BL31: =IF(NOT(ISERROR(HLOOKUP(Standings!BL$3,Entries!$C13:$K13,1,FALSE))),"x",IF(NOT(ISERROR(HLOOKUP(Standings!BL$3,Entries!$L13:$L13,1,FALSE))),"S","")) | BM31: =IF(NOT(ISERROR(HLOOKUP(Standings!BM$3,Entries!$C13:$K13,1,FALSE))),"x",IF(NOT(ISERROR(HLOOKUP(Standings!BM$3,Entries!$L13:$L13,1,FALSE))),"S","")) | BN31: =IF(NOT(ISERROR(HLOOKUP(Standings!BN$3,Entries!$C13:$K13,1,FALSE))),"x",IF(NOT(ISERROR(HLOOKUP(Standings!BN$3,Entries!$L13:$L13,1,FALSE))),"S","")) | ... DB31: =IF(NOT(ISERROR(HLOOKUP(Standings!DB$3,Entries!$C13:$K13,1,FALSE))),"x",IF(NOT(ISERROR(HLOOKUP(Standings!DB$3,Entries!$L13:$L13,1,FALSE))),"S",""))
B32: 52 | C32: =Entries!B43 -> greeno | D32: =IF(C32="","",RANK(E32,$E$10:$E$111)) -> 21 | E32: =IF(C32="","",ROUND(SUM(F32:AK32),0)) -> 5 | F32: =IF(BG32="","",IF(BG32="x",F$6,0)+IF(BG32="S",-F$6-0.00001,0)) -> 2 | G32: =IF(BH32="","",IF(BH32="x",G$6,0)+IF(BH32="S",-G$6-0.00001,0)) | H32: =IF(BI32="","",IF(BI32="x",H$6,0)+IF(BI32="S",-H$6-0.00001,0)) | I32: =IF(BJ32="","",IF(BJ32="x",I$6,0)+IF(BJ32="S",-I$6-0.00001,0)) | J32: =IF(BK32="","",IF(BK32="x",J$6,0)+IF(BK32="S",-J$6-0.00001,0)) | K32: =IF(BL32="","",IF(BL32="x",K$6,0)+IF(BL32="S",-K$6-0.00001,0)) | L32: =IF(BM32="","",IF(BM32="x",L$6,0)+IF(BM32="S",-L$6-0.00001,0)) | M32: =IF(BN32="","",IF(BN32="x",M$6,0)+IF(BN32="S",-M$6-0.00001,0)) | ... BA32: =IF(DB32="","",IF(DB32="x",BA$6,0)+IF(DB32="S",-BA$6-0.00001,0)) | BB32: No | BG32: =IF(NOT(ISERROR(HLOOKUP(Standings!BG$3,Entries!$C43:$K43,1,FALSE))),"x",IF(NOT(ISERROR(HLOOKUP(Standings!BG$3,Entries!$L43:$L43,1,FALSE))),"S","")) -> x | BH32: =IF(NOT(ISERROR(HLOOKUP(Standings!BH$3,Entries!$C43:$K43,1,FALSE))),"x",IF(NOT(ISERROR(HLOOKUP(Standings!BH$3,Entries!$L43:$L43,1,FALSE))),"S","")) | BI32: =IF(NOT(ISERROR(HLOOKUP(Standings!BI$3,Entries!$C43:$K43,1,FALSE))),"x",IF(NOT(ISERROR(HLOOKUP(Standings!BI$3,Entries!$L43:$L43,1,FALSE))),"S","")) | BJ32: =IF(NOT(ISERROR(HLOOKUP(Standings!BJ$3,Entries!$C43:$K43,1,FALSE))),"x",IF(NOT(ISERROR(HLOOKUP(Standings!BJ$3,Entries!$L43:$L43,1,FALSE))),"S","")) | BK32: =IF(NOT(ISERROR(HLOOKUP(Standings!BK$3,Entries!$C43:$K43,1,FALSE))),"x",IF(NOT(ISERROR(HLOOKUP(Standings!BK$3,Entries!$L43:$L43,1,FALSE))),"S","")) | BL32: =IF(NOT(ISERROR(HLOOKUP(Standings!BL$3,Entries!$C43:$K43,1,FALSE))),"x",IF(NOT(ISERROR(HLOOKUP(Standings!BL$3,Entries!$L43:$L43,1,FALSE))),"S","")) | BM32: =IF(NOT(ISERROR(HLOOKUP(Standings!BM$3,Entries!$C43:$K43,1,FALSE))),"x",IF(NOT(ISERROR(HLOOKUP(Standings!BM$3,Entries!$L43:$L43,1,FALSE))),"S","")) | BN32: =IF(NOT(ISERROR(HLOOKUP(Standings!BN$3,Entries!$C43:$K43,1,FALSE))),"x",IF(NOT(ISERROR(HLOOKUP(Standings!BN$3,Entries!$L43:$L43,1,FALSE))),"S","")) | ... DB32: =IF(NOT(ISERROR(HLOOKUP(Standings!DB$3,Entries!$C43:$K43,1,FALSE))),"x",IF(NOT(ISERROR(HLOOKUP(Standings!DB$3,Entries!$L43:$L43,1,FALSE))),"S",""))
B33: 35 | C33: =Entries!B46 -> John Lindlof | D33: =IF(C33="","",RANK(E33,$E$10:$E$111)) -> 21 | E33: =IF(C33="","",ROUND(SUM(F33:AK33),0)) -> 5 | F33: =IF(BG33="","",IF(BG33="x",F$6,0)+IF(BG33="S",-F$6-0.00001,0)) | G33: =IF(BH33="","",IF(BH33="x",G$6,0)+IF(BH33="S",-G$6-0.00001,0)) | H33: =IF(BI33="","",IF(BI33="x",H$6,0)+IF(BI33="S",-H$6-0.00001,0)) -> 2 | I33: =IF(BJ33="","",IF(BJ33="x",I$6,0)+IF(BJ33="S",-I$6-0.00001,0)) | J33: =IF(BK33="","",IF(BK33="x",J$6,0)+IF(BK33="S",-J$6-0.00001,0)) | K33: =IF(BL33="","",IF(BL33="x",K$6,0)+IF(BL33="S",-K$6-0.00001,0)) | L33: =IF(BM33="","",IF(BM33="x",L$6,0)+IF(BM33="S",-L$6-0.00001,0)) | M33: =IF(BN33="","",IF(BN33="x",M$6,0)+IF(BN33="S",-M$6-0.00001,0)) | ... BA33: =IF(DB33="","",IF(DB33="x",BA$6,0)+IF(DB33="S",-BA$6-0.00001,0)) | BB33: No | BG33: =IF(NOT(ISERROR(HLOOKUP(Standings!BG$3,Entries!$C46:$K46,1,FALSE))),"x",IF(NOT(ISERROR(HLOOKUP(Standings!BG$3,Entries!$L46:$L46,1,FALSE))),"S","")) | BH33: =IF(NOT(ISERROR(HLOOKUP(Standings!BH$3,Entries!$C46:$K46,1,FALSE))),"x",IF(NOT(ISERROR(HLOOKUP(Standings!BH$3,Entries!$L46:$L46,1,FALSE))),"S","")) | BI33: =IF(NOT(ISERROR(HLOOKUP(Standings!BI$3,Entries!$C46:$K46,1,FALSE))),"x",IF(NOT(ISERROR(HLOOKUP(Standings!BI$3,Entries!$L46:$L46,1,FALSE))),"S","")) -> x | BJ33: =IF(NOT(ISERROR(HLOOKUP(Standings!BJ$3,Entries!$C46:$K46,1,FALSE))),"x",IF(NOT(ISERROR(HLOOKUP(Standings!BJ$3,Entries!$L46:$L46,1,FALSE))),"S","")) | BK33: =IF(NOT(ISERROR(HLOOKUP(Standings!BK$3,Entries!$C46:$K46,1,FALSE))),"x",IF(NOT(ISERROR(HLOOKUP(Standings!BK$3,Entries!$L46:$L46,1,FALSE))),"S","")) | BL33: =IF(NOT(ISERROR(HLOOKUP(Standings!BL$3,Entries!$C46:$K46,1,FALSE))),"x",IF(NOT(ISERROR(HLOOKUP(Standings!BL$3,Entries!$L46:$L46,1,FALSE))),"S","")) | BM33: =IF(NOT(ISERROR(HLOOKUP(Standings!BM$3,Entries!$C46:$K46,1,FALSE))),"x",IF(NOT(ISERROR(HLOOKUP(Standings!BM$3,Entries!$L46:$L46,1,FALSE))),"S","")) | BN33: =IF(NOT(ISERROR(HLOOKUP(Standings!BN$3,Entries!$C46:$K46,1,FALSE))),"x",IF(NOT(ISERROR(HLOOKUP(Standings!BN$3,Entries!$L46:$L46,1,FALSE))),"S","")) | ... DB33: =IF(NOT(ISERROR(HLOOKUP(Standings!DB$3,Entries!$C46:$K46,1,FALSE))),"x",IF(NOT(ISERROR(HLOOKUP(Standings!DB$3,Entries!$L46:$L46,1,FALSE))),"S",""))
B34: 71 | C34: =Entries!B51 -> Tony M Pick 2 | D34: =IF(C34="","",RANK(E34,$E$10:$E$111)) -> 21 | E34: =IF(C34="","",ROUND(SUM(F34:AK34),0)) -> 5 | F34: =IF(BG34="","",IF(BG34="x",F$6,0)+IF(BG34="S",-F$6-0.00001,0)) | G34: =IF(BH34="","",IF(BH34="x",G$6,0)+IF(BH34="S",-G$6-0.00001,0)) | H34: =IF(BI34="","",IF(BI34="x",H$6,0)+IF(BI34="S",-H$6-0.00001,0)) -> 2 | I34: =IF(BJ34="","",IF(BJ34="x",I$6,0)+IF(BJ34="S",-I$6-0.00001,0)) | J34: =IF(BK34="","",IF(BK34="x",J$6,0)+IF(BK34="S",-J$6-0.00001,0)) | K34: =IF(BL34="","",IF(BL34="x",K$6,0)+IF(BL34="S",-K$6-0.00001,0)) | L34: =IF(BM34="","",IF(BM34="x",L$6,0)+IF(BM34="S",-L$6-0.00001,0)) | M34: =IF(BN34="","",IF(BN34="x",M$6,0)+IF(BN34="S",-M$6-0.00001,0)) | ... BA34: =IF(DB34="","",IF(DB34="x",BA$6,0)+IF(DB34="S",-BA$6-0.00001,0)) | BB34: No | BG34: =IF(NOT(ISERROR(HLOOKUP(Standings!BG$3,Entries!$C51:$K51,1,FALSE))),"x",IF(NOT(ISERROR(HLOOKUP(Standings!BG$3,Entries!$L51:$L51,1,FALSE))),"S","")) | BH34: =IF(NOT(ISERROR(HLOOKUP(Standings!BH$3,Entries!$C51:$K51,1,FALSE))),"x",IF(NOT(ISERROR(HLOOKUP(Standings!BH$3,Entries!$L51:$L51,1,FALSE))),"S","")) | BI34: =IF(NOT(ISERROR(HLOOKUP(Standings!BI$3,Entries!$C51:$K51,1,FALSE))),"x",IF(NOT(ISERROR(HLOOKUP(Standings!BI$3,Entries!$L51:$L51,1,FALSE))),"S","")) -> x | BJ34: =IF(NOT(ISERROR(HLOOKUP(Standings!BJ$3,Entries!$C51:$K51,1,FALSE))),"x",IF(NOT(ISERROR(HLOOKUP(Standings!BJ$3,Entries!$L51:$L51,1,FALSE))),"S","")) | BK34: =IF(NOT(ISERROR(HLOOKUP(Standings!BK$3,Entries!$C51:$K51,1,FALSE))),"x",IF(NOT(ISERROR(HLOOKUP(Standings!BK$3,Entries!$L51:$L51,1,FALSE))),"S","")) | BL34: =IF(NOT(ISERROR(HLOOKUP(Standings!BL$3,Entries!$C51:$K51,1,FALSE))),"x",IF(NOT(ISERROR(HLOOKUP(Standings!BL$3,Entries!$L51:$L51,1,FALSE))),"S","")) | BM34: =IF(NOT(ISERROR(HLOOKUP(Standings!BM$3,Entries!$C51:$K51,1,FALSE))),"x",IF(NOT(ISERROR(HLOOKUP(Standings!BM$3,Entries!$L51:$L51,1,FALSE))),"S","")) | BN34: =IF(NOT(ISERROR(HLOOKUP(Standings!BN$3,Entries!$C51:$K51,1,FALSE))),"x",IF(NOT(ISERROR(HLOOKUP(Standings!BN$3,Entries!$L51:$L51,1,FALSE))),"S","")) | ... DB34: =IF(NOT(ISERROR(HLOOKUP(Standings!DB$3,Entries!$C51:$K51,1,FALSE))),"x",IF(NOT(ISERROR(HLOOKUP(Standings!DB$3,Entries!$L51:$L51,1,FALSE))),"S",""))
B35: 65 | C35: =Entries!B60 -> Brianco1 | D35: =IF(C35="","",RANK(E35,$E$10:$E$111)) -> 21 | E35: =IF(C35="","",ROUND(SUM(F35:AK35),0)) -> 5 | F35: =IF(BG35="","",IF(BG35="x",F$6,0)+IF(BG35="S",-F$6-0.00001,0)) -> 2 | G35: =IF(BH35="","",IF(BH35="x",G$6,0)+IF(BH35="S",-G$6-0.00001,0)) | H35: =IF(BI35="","",IF(BI35="x",H$6,0)+IF(BI35="S",-H$6-0.00001,0)) | I35: =IF(BJ35="","",IF(BJ35="x",I$6,0)+IF(BJ35="S",-I$6-0.00001,0)) | J35: =IF(BK35="","",IF(BK35="x",J$6,0)+IF(BK35="S",-J$6-0.00001,0)) -> 1 | K35: =IF(BL35="","",IF(BL35="x",K$6,0)+IF(BL35="S",-K$6-0.00001,0)) | L35: =IF(BM35="","",IF(BM35="x",L$6,0)+IF(BM35="S",-L$6-0.00001,0)) | M35: =IF(BN35="","",IF(BN35="x",M$6,0)+IF(BN35="S",-M$6-0.00001,0)) | ... BA35: =IF(DB35="","",IF(DB35="x",BA$6,0)+IF(DB35="S",-BA$6-0.00001,0)) | BB35: No | BG35: =IF(NOT(ISERROR(HLOOKUP(Standings!BG$3,Entries!$C60:$K60,1,FALSE))),"x",IF(NOT(ISERROR(HLOOKUP(Standings!BG$3,Entries!$L60:$L60,1,FALSE))),"S","")) -> x | BH35: =IF(NOT(ISERROR(HLOOKUP(Standings!BH$3,Entries!$C60:$K60,1,FALSE))),"x",IF(NOT(ISERROR(HLOOKUP(Standings!BH$3,Entries!$L60:$L60,1,FALSE))),"S","")) | BI35: =IF(NOT(ISERROR(HLOOKUP(Standings!BI$3,Entries!$C60:$K60,1,FALSE))),"x",IF(NOT(ISERROR(HLOOKUP(Standings!BI$3,Entries!$L60:$L60,1,FALSE))),"S","")) | BJ35: =IF(NOT(ISERROR(HLOOKUP(Standings!BJ$3,Entries!$C60:$K60,1,FALSE))),"x",IF(NOT(ISERROR(HLOOKUP(Standings!BJ$3,Entries!$L60:$L60,1,FALSE))),"S","")) | BK35: =IF(NOT(ISERROR(HLOOKUP(Standings!BK$3,Entries!$C60:$K60,1,FALSE))),"x",IF(NOT(ISERROR(HLOOKUP(Standings!BK$3,Entries!$L60:$L60,1,FALSE))),"S","")) -> x | BL35: =IF(NOT(ISERROR(HLOOKUP(Standings!BL$3,Entries!$C60:$K60,1,FALSE))),"x",IF(NOT(ISERROR(HLOOKUP(Standings!BL$3,Entries!$L60:$L60,1,FALSE))),"S","")) | BM35: =IF(NOT(ISERROR(HLOOKUP(Standings!BM$3,Entries!$C60:$K60,1,FALSE))),"x",IF(NOT(ISERROR(HLOOKUP(Standings!BM$3,Entries!$L60:$L60,1,FALSE))),"S","")) | BN35: =IF(NOT(ISERROR(HLOOKUP(Standings!BN$3,Entries!$C60:$K60,1,FALSE))),"x",IF(NOT(ISERROR(HLOOKUP(Standings!BN$3,Entries!$L60:$L60,1,FALSE))),"S","")) | ... DB35: =IF(NOT(ISERROR(HLOOKUP(Standings!DB$3,Entries!$C60:$K60,1,FALSE))),"x",IF(NOT(ISERROR(HLOOKUP(Standings!DB$3,Entries!$L60:$L60,1,FALSE))),"S",""))
B36: 11 | C36: =Entries!B63 -> chrishalverson1 | D36: =IF(C36="","",RANK(E36,$E$10:$E$111)) -> 21 | E36: =IF(C36="","",ROUND(SUM(F36:AK36),0)) -> 5 | F36: =IF(BG36="","",IF(BG36="x",F$6,0)+IF(BG36="S",-F$6-0.00001,0)) | G36: =IF(BH36="","",IF(BH36="x",G$6,0)+IF(BH36="S",-G$6-0.00001,0)) | H36: =IF(BI36="","",IF(BI36="x",H$6,0)+IF(BI36="S",-H$6-0.00001,0)) | I36: =IF(BJ36="","",IF(BJ36="x",I$6,0)+IF(BJ36="S",-I$6-0.00001,0)) | J36: =IF(BK36="","",IF(BK36="x",J$6,0)+IF(BK36="S",-J$6-0.00001,0)) | K36: =IF(BL36="","",IF(BL36="x",K$6,0)+IF(BL36="S",-K$6-0.00001,0)) | L36: =IF(BM36="","",IF(BM36="x",L$6,0)+IF(BM36="S",-L$6-0.00001,0)) | M36: =IF(BN36="","",IF(BN36="x",M$6,0)+IF(BN36="S",-M$6-0.00001,0)) | ... BA36: =IF(DB36="","",IF(DB36="x",BA$6,0)+IF(DB36="S",-BA$6-0.00001,0)) | BB36: No | BG36: =IF(NOT(ISERROR(HLOOKUP(Standings!BG$3,Entries!$C63:$K63,1,FALSE))),"x",IF(NOT(ISERROR(HLOOKUP(Standings!BG$3,Entries!$L63:$L63,1,FALSE))),"S","")) | BH36: =IF(NOT(ISERROR(HLOOKUP(Standings!BH$3,Entries!$C63:$K63,1,FALSE))),"x",IF(NOT(ISERROR(HLOOKUP(Standings!BH$3,Entries!$L63:$L63,1,FALSE))),"S","")) | BI36: =IF(NOT(ISERROR(HLOOKUP(Standings!BI$3,Entries!$C63:$K63,1,FALSE))),"x",IF(NOT(ISERROR(HLOOKUP(Standings!BI$3,Entries!$L63:$L63,1,FALSE))),"S","")) | BJ36: =IF(NOT(ISERROR(HLOOKUP(Standings!BJ$3,Entries!$C63:$K63,1,FALSE))),"x",IF(NOT(ISERROR(HLOOKUP(Standings!BJ$3,Entries!$L63:$L63,1,FALSE))),"S","")) | BK36: =IF(NOT(ISERROR(HLOOKUP(Standings!BK$3,Entries!$C63:$K63,1,FALSE))),"x",IF(NOT(ISERROR(HLOOKUP(Standings!BK$3,Entries!$L63:$L63,1,FALSE))),"S","")) | BL36: =IF(NOT(ISERROR(HLOOKUP(Standings!BL$3,Entries!$C63:$K63,1,FALSE))),"x",IF(NOT(ISERROR(HLOOKUP(Standings!BL$3,Entries!$L63:$L63,1,FALSE))),"S","")) | BM36: =IF(NOT(ISERROR(HLOOKUP(Standings!BM$3,Entries!$C63:$K63,1,FALSE))),"x",IF(NOT(ISERROR(HLOOKUP(Standings!BM$3,Entries!$L63:$L63,1,FALSE))),"S","")) | BN36: =IF(NOT(ISERROR(HLOOKUP(Standings!BN$3,Entries!$C63:$K63,1,FALSE))),"x",IF(NOT(ISERROR(HLOOKUP(Standings!BN$3,Entries!$L63:$L63,1,FALSE))),"S","")) | ... DB36: =IF(NOT(ISERROR(HLOOKUP(Standings!DB$3,Entries!$C63:$K63,1,FALSE))),"x",IF(NOT(ISERROR(HLOOKUP(Standings!DB$3,Entries!$L63:$L63,1,FALSE))),"S",""))
B37: 56 | C37: =Entries!B68 -> Ryan H | D37: =IF(C37="","",RANK(E37,$E$10:$E$111)) -> 21 | E37: =IF(C37="","",ROUND(SUM(F37:AK37),0)) -> 5 | F37: =IF(BG37="","",IF(BG37="x",F$6,0)+IF(BG37="S",-F$6-0.00001,0)) | G37: =IF(BH37="","",IF(BH37="x",G$6,0)+IF(BH37="S",-G$6-0.00001,0)) | H37: =IF(BI37="","",IF(BI37="x",H$6,0)+IF(BI37="S",-H$6-0.00001,0)) | I37: =IF(BJ37="","",IF(BJ37="x",I$6,0)+IF(BJ37="S",-I$6-0.00001,0)) | J37: =IF(BK37="","",IF(BK37="x",J$6,0)+IF(BK37="S",-J$6-0.00001,0)) | K37: =IF(BL37="","",IF(BL37="x",K$6,0)+IF(BL37="S",-K$6-0.00001,0)) | L37: =IF(BM37="","",IF(BM37="x",L$6,0)+IF(BM37="S",-L$6-0.00001,0)) | M37: =IF(BN37="","",IF(BN37="x",M$6,0)+IF(BN37="S",-M$6-0.00001,0)) | ... BA37: =IF(DB37="","",IF(DB37="x",BA$6,0)+IF(DB37="S",-BA$6-0.00001,0)) | BB37: No | BG37: =IF(NOT(ISERROR(HLOOKUP(Standings!BG$3,Entries!$C68:$K68,1,FALSE))),"x",IF(NOT(ISERROR(HLOOKUP(Standings!BG$3,Entries!$L68:$L68,1,FALSE))),"S","")) | BH37: =IF(NOT(ISERROR(HLOOKUP(Standings!BH$3,Entries!$C68:$K68,1,FALSE))),"x",IF(NOT(ISERROR(HLOOKUP(Standings!BH$3,Entries!$L68:$L68,1,FALSE))),"S","")) | BI37: =IF(NOT(ISERROR(HLOOKUP(Standings!BI$3,Entries!$C68:$K68,1,FALSE))),"x",IF(NOT(ISERROR(HLOOKUP(Standings!BI$3,Entries!$L68:$L68,1,FALSE))),"S","")) | BJ37: =IF(NOT(ISERROR(HLOOKUP(Standings!BJ$3,Entries!$C68:$K68,1,FALSE))),"x",IF(NOT(ISERROR(HLOOKUP(Standings!BJ$3,Entries!$L68:$L68,1,FALSE))),"S","")) | BK37: =IF(NOT(ISERROR(HLOOKUP(Standings!BK$3,Entries!$C68:$K68,1,FALSE))),"x",IF(NOT(ISERROR(HLOOKUP(Standings!BK$3,Entries!$L68:$L68,1,FALSE))),"S","")) | BL37: =IF(NOT(ISERROR(HLOOKUP(Standings!BL$3,Entries!$C68:$K68,1,FALSE))),"x",IF(NOT(ISERROR(HLOOKUP(Standings!BL$3,Entries!$L68:$L68,1,FALSE))),"S","")) | BM37: =IF(NOT(ISERROR(HLOOKUP(Standings!BM$3,Entries!$C68:$K68,1,FALSE))),"x",IF(NOT(ISERROR(HLOOKUP(Standings!BM$3,Entries!$L68:$L68,1,FALSE))),"S","")) | BN37: =IF(NOT(ISERROR(HLOOKUP(Standings!BN$3,Entries!$C68:$K68,1,FALSE))),"x",IF(NOT(ISERROR(HLOOKUP(Standings!BN$3,Entries!$L68:$L68,1,FALSE))),"S","")) | ... DB37: =IF(NOT(ISERROR(HLOOKUP(Standings!DB$3,Entries!$C68:$K68,1,FALSE))),"x",IF(NOT(ISERROR(HLOOKUP(Standings!DB$3,Entries!$L68:$L68,1,FALSE))),"S",""))
B38: 43 | C38: =Entries!B69 -> EColvin1 | D38: =IF(C38="","",RANK(E38,$E$10:$E$111)) -> 21 | E38: =IF(C38="","",ROUND(SUM(F38:AK38),0)) -> 5 | F38: =IF(BG38="","",IF(BG38="x",F$6,0)+IF(BG38="S",-F$6-0.00001,0)) | G38: =IF(BH38="","",IF(BH38="x",G$6,0)+IF(BH38="S",-G$6-0.00001,0)) | H38: =IF(BI38="","",IF(BI38="x",H$6,0)+IF(BI38="S",-H$6-0.00001,0)) -> 2 | I38: =IF(BJ38="","",IF(BJ38="x",I$6,0)+IF(BJ38="S",-I$6-0.00001,0)) | J38: =IF(BK38="","",IF(BK38="x",J$6,0)+IF(BK38="S",-J$6-0.00001,0)) | K38: =IF(BL38="","",IF(BL38="x",K$6,0)+IF(BL38="S",-K$6-0.00001,0)) -> 1 | L38: =IF(BM38="","",IF(BM38="x",L$6,0)+IF(BM38="S",-L$6-0.00001,0)) | M38: =IF(BN38="","",IF(BN38="x",M$6,0)+IF(BN38="S",-M$6-0.00001,0)) | ... BA38: =IF(DB38="","",IF(DB38="x",BA$6,0)+IF(DB38="S",-BA$6-0.00001,0)) | BB38: No | BG38: =IF(NOT(ISERROR(HLOOKUP(Standings!BG$3,Entries!$C69:$K69,1,FALSE))),"x",IF(NOT(ISERROR(HLOOKUP(Standings!BG$3,Entries!$L69:$L69,1,FALSE))),"S","")) | BH38: =IF(NOT(ISERROR(HLOOKUP(Standings!BH$3,Entries!$C69:$K69,1,FALSE))),"x",IF(NOT(ISERROR(HLOOKUP(Standings!BH$3,Entries!$L69:$L69,1,FALSE))),"S","")) | BI38: =IF(NOT(ISERROR(HLOOKUP(Standings!BI$3,Entries!$C69:$K69,1,FALSE))),"x",IF(NOT(ISERROR(HLOOKUP(Standings!BI$3,Entries!$L69:$L69,1,FALSE))),"S","")) -> x | BJ38: =IF(NOT(ISERROR(HLOOKUP(Standings!BJ$3,Entries!$C69:$K69,1,FALSE))),"x",IF(NOT(ISERROR(HLOOKUP(Standings!BJ$3,Entries!$L69:$L69,1,FALSE))),"S","")) | BK38: =IF(NOT(ISERROR(HLOOKUP(Standings!BK$3,Entries!$C69:$K69,1,FALSE))),"x",IF(NOT(ISERROR(HLOOKUP(Standings!BK$3,Entries!$L69:$L69,1,FALSE))),"S","")) | BL38: =IF(NOT(ISERROR(HLOOKUP(Standings!BL$3,Entries!$C69:$K69,1,FALSE))),"x",IF(NOT(ISERROR(HLOOKUP(Standings!BL$3,Entries!$L69:$L69,1,FALSE))),"S","")) -> x | BM38: =IF(NOT(ISERROR(HLOOKUP(Standings!BM$3,Entries!$C69:$K69,1,FALSE))),"x",IF(NOT(ISERROR(HLOOKUP(Standings!BM$3,Entries!$L69:$L69,1,FALSE))),"S","")) | BN38: =IF(NOT(ISERROR(HLOOKUP(Standings!BN$3,Entries!$C69:$K69,1,FALSE))),"x",IF(NOT(ISERROR(HLOOKUP(Standings!BN$3,Entries!$L69:$L69,1,FALSE))),"S","")) | ... DB38: =IF(NOT(ISERROR(HLOOKUP(Standings!DB$3,Entries!$C69:$K69,1,FALSE))),"x",IF(NOT(ISERROR(HLOOKUP(Standings!DB$3,Entries!$L69:$L69,1,FALSE))),"S",""))
B39: 26 | C39: =Entries!B78 -> Craig Miller 2 | D39: =IF(C39="","",RANK(E39,$E$10:$E$111)) -> 21 | E39: =IF(C39="","",ROUND(SUM(F39:AK39),0)) -> 5 | F39: =IF(BG39="","",IF(BG39="x",F$6,0)+IF(BG39="S",-F$6-0.00001,0)) | G39: =IF(BH39="","",IF(BH39="x",G$6,0)+IF(BH39="S",-G$6-0.00001,0)) | H39: =IF(BI39="","",IF(BI39="x",H$6,0)+IF(BI39="S",-H$6-0.00001,0)) | I39: =IF(BJ39="","",IF(BJ39="x",I$6,0)+IF(BJ39="S",-I$6-0.00001,0)) | J39: =IF(BK39="","",IF(BK39="x",J$6,0)+IF(BK39="S",-J$6-0.00001,0)) | K39: =IF(BL39="","",IF(BL39="x",K$6,0)+IF(BL39="S",-K$6-0.00001,0)) | L39: =IF(BM39="","",IF(BM39="x",L$6,0)+IF(BM39="S",-L$6-0.00001,0)) | M39: =IF(BN39="","",IF(BN39="x",M$6,0)+IF(BN39="S",-M$6-0.00001,0)) | ... BA39: =IF(DB39="","",IF(DB39="x",BA$6,0)+IF(DB39="S",-BA$6-0.00001,0)) | BB39: No | BG39: =IF(NOT(ISERROR(HLOOKUP(Standings!BG$3,Entries!$C78:$K78,1,FALSE))),"x",IF(NOT(ISERROR(HLOOKUP(Standings!BG$3,Entries!$L78:$L78,1,FALSE))),"S","")) | BH39: =IF(NOT(ISERROR(HLOOKUP(Standings!BH$3,Entries!$C78:$K78,1,FALSE))),"x",IF(NOT(ISERROR(HLOOKUP(Standings!BH$3,Entries!$L78:$L78,1,FALSE))),"S","")) | BI39: =IF(NOT(ISERROR(HLOOKUP(Standings!BI$3,Entries!$C78:$K78,1,FALSE))),"x",IF(NOT(ISERROR(HLOOKUP(Standings!BI$3,Entries!$L78:$L78,1,FALSE))),"S","")) | BJ39: =IF(NOT(ISERROR(HLOOKUP(Standings!BJ$3,Entries!$C78:$K78,1,FALSE))),"x",IF(NOT(ISERROR(HLOOKUP(Standings!BJ$3,Entries!$L78:$L78,1,FALSE))),"S","")) | BK39: =IF(NOT(ISERROR(HLOOKUP(Standings!BK$3,Entries!$C78:$K78,1,FALSE))),"x",IF(NOT(ISERROR(HLOOKUP(Standings!BK$3,Entries!$L78:$L78,1,FALSE))),"S","")) | BL39: =IF(NOT(ISERROR(HLOOKUP(Standings!BL$3,Entries!$C78:$K78,1,FALSE))),"x",IF(NOT(ISERROR(HLOOKUP(Standings!BL$3,Entries!$L78:$L78,1,FALSE))),"S","")) | BM39: =IF(NOT(ISERROR(HLOOKUP(Standings!BM$3,Entries!$C78:$K78,1,FALSE))),"x",IF(NOT(ISERROR(HLOOKUP(Standings!BM$3,Entries!$L78:$L78,1,FALSE))),"S","")) | BN39: =IF(NOT(ISERROR(HLOOKUP(Standings!BN$3,Entries!$C78:$K78,1,FALSE))),"x",IF(NOT(ISERROR(HLOOKUP(Standings!BN$3,Entries!$L78:$L78,1,FALSE))),"S","")) | ... DB39: =IF(NOT(ISERROR(HLOOKUP(Standings!DB$3,Entries!$C78:$K78,1,FALSE))),"x",IF(NOT(ISERROR(HLOOKUP(Standings!DB$3,Entries!$L78:$L78,1,FALSE))),"S",""))
B40: 26 | C40: =Entries!B94 -> BrianCleaveland1 | D40: =IF(C40="","",RANK(E40,$E$10:$E$111)) -> 21 | E40: =IF(C40="","",ROUND(SUM(F40:AK40),0)) -> 5 | F40: =IF(BG40="","",IF(BG40="x",F$6,0)+IF(BG40="S",-F$6-0.00001,0)) -> 2 | G40: =IF(BH40="","",IF(BH40="x",G$6,0)+IF(BH40="S",-G$6-0.00001,0)) | H40: =IF(BI40="","",IF(BI40="x",H$6,0)+IF(BI40="S",-H$6-0.00001,0)) | I40: =IF(BJ40="","",IF(BJ40="x",I$6,0)+IF(BJ40="S",-I$6-0.00001,0)) | J40: =IF(BK40="","",IF(BK40="x",J$6,0)+IF(BK40="S",-J$6-0.00001,0)) | K40: =IF(BL40="","",IF(BL40="x",K$6,0)+IF(BL40="S",-K$6-0.00001,0)) | L40: =IF(BM40="","",IF(BM40="x",L$6,0)+IF(BM40="S",-L$6-0.00001,0)) | M40: =IF(BN40="","",IF(BN40="x",M$6,0)+IF(BN40="S",-M$6-0.00001,0)) | ... BA40: =IF(DB40="","",IF(DB40="x",BA$6,0)+IF(DB40="S",-BA$6-0.00001,0)) | BB40: No | BG40: =IF(NOT(ISERROR(HLOOKUP(Standings!BG$3,Entries!$C94:$K94,1,FALSE))),"x",IF(NOT(ISERROR(HLOOKUP(Standings!BG$3,Entries!$L94:$L94,1,FALSE))),"S","")) -> x | BH40: =IF(NOT(ISERROR(HLOOKUP(Standings!BH$3,Entries!$C94:$K94,1,FALSE))),"x",IF(NOT(ISERROR(HLOOKUP(Standings!BH$3,Entries!$L94:$L94,1,FALSE))),"S","")) | BI40: =IF(NOT(ISERROR(HLOOKUP(Standings!BI$3,Entries!$C94:$K94,1,FALSE))),"x",IF(NOT(ISERROR(HLOOKUP(Standings!BI$3,Entries!$L94:$L94,1,FALSE))),"S","")) | BJ40: =IF(NOT(ISERROR(HLOOKUP(Standings!BJ$3,Entries!$C94:$K94,1,FALSE))),"x",IF(NOT(ISERROR(HLOOKUP(Standings!BJ$3,Entries!$L94:$L94,1,FALSE))),"S","")) | BK40: =IF(NOT(ISERROR(HLOOKUP(Standings!BK$3,Entries!$C94:$K94,1,FALSE))),"x",IF(NOT(ISERROR(HLOOKUP(Standings!BK$3,Entries!$L94:$L94,1,FALSE))),"S","")) | BL40: =IF(NOT(ISERROR(HLOOKUP(Standings!BL$3,Entries!$C94:$K94,1,FALSE))),"x",IF(NOT(ISERROR(HLOOKUP(Standings!BL$3,Entries!$L94:$L94,1,FALSE))),"S","")) | BM40: =IF(NOT(ISERROR(HLOOKUP(Standings!BM$3,Entries!$C94:$K94,1,FALSE))),"x",IF(NOT(ISERROR(HLOOKUP(Standings!BM$3,Entries!$L94:$L94,1,FALSE))),"S","")) | BN40: =IF(NOT(ISERROR(HLOOKUP(Standings!BN$3,Entries!$C94:$K94,1,FALSE))),"x",IF(NOT(ISERROR(HLOOKUP(Standings!BN$3,Entries!$L94:$L94,1,FALSE))),"S","")) | ... DB40: =IF(NOT(ISERROR(HLOOKUP(Standings!DB$3,Entries!$C94:$K94,1,FALSE))),"x",IF(NOT(ISERROR(HLOOKUP(Standings!DB$3,Entries!$L94:$L94,1,FALSE))),"S",""))
B41: 21 | C41: =Entries!B4 -> petelochner1 | D41: =IF(C41="","",RANK(E41,$E$10:$E$111)) -> 32 | E41: =IF(C41="","",ROUND(SUM(F41:AK41),0)) -> 4 | F41: =IF(BG41="","",IF(BG41="x",F$6,0)+IF(BG41="S",-F$6-0.00001,0)) | G41: =IF(BH41="","",IF(BH41="x",G$6,0)+IF(BH41="S",-G$6-0.00001,0)) | H41: =IF(BI41="","",IF(BI41="x",H$6,0)+IF(BI41="S",-H$6-0.00001,0)) | I41: =IF(BJ41="","",IF(BJ41="x",I$6,0)+IF(BJ41="S",-I$6-0.00001,0)) | J41: =IF(BK41="","",IF(BK41="x",J$6,0)+IF(BK41="S",-J$6-0.00001,0)) | K41: =IF(BL41="","",IF(BL41="x",K$6,0)+IF(BL41="S",-K$6-0.00001,0)) | L41: =IF(BM41="","",IF(BM41="x",L$6,0)+IF(BM41="S",-L$6-0.00001,0)) | M41: =IF(BN41="","",IF(BN41="x",M$6,0)+IF(BN41="S",-M$6-0.00001,0)) | ... BA41: =IF(DB41="","",IF(DB41="x",BA$6,0)+IF(DB41="S",-BA$6-0.00001,0)) | BB41: No | BG41: =IF(NOT(ISERROR(HLOOKUP(Standings!BG$3,Entries!$C4:$K4,1,FALSE))),"x",IF(NOT(ISERROR(HLOOKUP(Standings!BG$3,Entries!$L4:$L4,1,FALSE))),"S","")) | BH41: =IF(NOT(ISERROR(HLOOKUP(Standings!BH$3,Entries!$C4:$K4,1,FALSE))),"x",IF(NOT(ISERROR(HLOOKUP(Standings!BH$3,Entries!$L4:$L4,1,FALSE))),"S","")) | BI41: =IF(NOT(ISERROR(HLOOKUP(Standings!BI$3,Entries!$C4:$K4,1,FALSE))),"x",IF(NOT(ISERROR(HLOOKUP(Standings!BI$3,Entries!$L4:$L4,1,FALSE))),"S","")) | BJ41: =IF(NOT(ISERROR(HLOOKUP(Standings!BJ$3,Entries!$C4:$K4,1,FALSE))),"x",IF(NOT(ISERROR(HLOOKUP(Standings!BJ$3,Entries!$L4:$L4,1,FALSE))),"S","")) | BK41: =IF(NOT(ISERROR(HLOOKUP(Standings!BK$3,Entries!$C4:$K4,1,FALSE))),"x",IF(NOT(ISERROR(HLOOKUP(Standings!BK$3,Entries!$L4:$L4,1,FALSE))),"S","")) | BL41: =IF(NOT(ISERROR(HLOOKUP(Standings!BL$3,Entries!$C4:$K4,1,FALSE))),"x",IF(NOT(ISERROR(HLOOKUP(Standings!BL$3,Entries!$L4:$L4,1,FALSE))),"S","")) | BM41: =IF(NOT(ISERROR(HLOOKUP(Standings!BM$3,Entries!$C4:$K4,1,FALSE))),"x",IF(NOT(ISERROR(HLOOKUP(Standings!BM$3,Entries!$L4:$L4,1,FALSE))),"S","")) | BN41: =IF(NOT(ISERROR(HLOOKUP(Standings!BN$3,Entries!$C4:$K4,1,FALSE))),"x",IF(NOT(ISERROR(HLOOKUP(Standings!BN$3,Entries!$L4:$L4,1,FALSE))),"S","")) | ... DB41: =IF(NOT(ISERROR(HLOOKUP(Standings!DB$3,Entries!$C4:$K4,1,FALSE))),"x",IF(NOT(ISERROR(HLOOKUP(Standings!DB$3,Entries!$L4:$L4,1,FALSE))),"S",""))
B42: 71 | C42: =Entries!B7 -> John Falck | D42: =IF(C42="","",RANK(E42,$E$10:$E$111)) -> 32 | E42: =IF(C42="","",ROUND(SUM(F42:AK42),0)) -> 4 | F42: =IF(BG42="","",IF(BG42="x",F$6,0)+IF(BG42="S",-F$6-0.00001,0)) | G42: =IF(BH42="","",IF(BH42="x",G$6,0)+IF(BH42="S",-G$6-0.00001,0)) | H42: =IF(BI42="","",IF(BI42="x",H$6,0)+IF(BI42="S",-H$6-0.00001,0)) | I42: =IF(BJ42="","",IF(BJ42="x",I$6,0)+IF(BJ42="S",-I$6-0.00001,0)) | J42: =IF(BK42="","",IF(BK42="x",J$6,0)+IF(BK42="S",-J$6-0.00001,0)) | K42: =IF(BL42="","",IF(BL42="x",K$6,0)+IF(BL42="S",-K$6-0.00001,0)) | L42: =IF(BM42="","",IF(BM42="x",L$6,0)+IF(BM42="S",-L$6-0.00001,0)) -> 1 | M42: =IF(BN42="","",IF(BN42="x",M$6,0)+IF(BN42="S",-M$6-0.00001,0)) | ... BA42: =IF(DB42="","",IF(DB42="x",BA$6,0)+IF(DB42="S",-BA$6-0.00001,0)) | BB42: No | BG42: =IF(NOT(ISERROR(HLOOKUP(Standings!BG$3,Entries!$C7:$K7,1,FALSE))),"x",IF(NOT(ISERROR(HLOOKUP(Standings!BG$3,Entries!$L7:$L7,1,FALSE))),"S","")) | BH42: =IF(NOT(ISERROR(HLOOKUP(Standings!BH$3,Entries!$C7:$K7,1,FALSE))),"x",IF(NOT(ISERROR(HLOOKUP(Standings!BH$3,Entries!$L7:$L7,1,FALSE))),"S","")) | BI42: =IF(NOT(ISERROR(HLOOKUP(Standings!BI$3,Entries!$C7:$K7,1,FALSE))),"x",IF(NOT(ISERROR(HLOOKUP(Standings!BI$3,Entries!$L7:$L7,1,FALSE))),"S","")) | BJ42: =IF(NOT(ISERROR(HLOOKUP(Standings!BJ$3,Entries!$C7:$K7,1,FALSE))),"x",IF(NOT(ISERROR(HLOOKUP(Standings!BJ$3,Entries!$L7:$L7,1,FALSE))),"S","")) | BK42: =IF(NOT(ISERROR(HLOOKUP(Standings!BK$3,Entries!$C7:$K7,1,FALSE))),"x",IF(NOT(ISERROR(HLOOKUP(Standings!BK$3,Entries!$L7:$L7,1,FALSE))),"S","")) | BL42: =IF(NOT(ISERROR(HLOOKUP(Standings!BL$3,Entries!$C7:$K7,1,FALSE))),"x",IF(NOT(ISERROR(HLOOKUP(Standings!BL$3,Entries!$L7:$L7,1,FALSE))),"S","")) | BM42: =IF(NOT(ISERROR(HLOOKUP(Standings!BM$3,Entries!$C7:$K7,1,FALSE))),"x",IF(NOT(ISERROR(HLOOKUP(Standings!BM$3,Entries!$L7:$L7,1,FALSE))),"S","")) -> x | BN42: =IF(NOT(ISERROR(HLOOKUP(Standings!BN$3,Entries!$C7:$K7,1,FALSE))),"x",IF(NOT(ISERROR(HLOOKUP(Standings!BN$3,Entries!$L7:$L7,1,FALSE))),"S","")) | ... DB42: =IF(NOT(ISERROR(HLOOKUP(Standings!DB$3,Entries!$C7:$K7,1,FALSE))),"x",IF(NOT(ISERROR(HLOOKUP(Standings!DB$3,Entries!$L7:$L7,1,FALSE))),"S",""))
B43: 71 | C43: =Entries!B8 -> Manson1ColumbusGotLost | D43: =IF(C43="","",RANK(E43,$E$10:$E$111)) -> 32 | E43: =IF(C43="","",ROUND(SUM(F43:AK43),0)) -> 4 | F43: =IF(BG43="","",IF(BG43="x",F$6,0)+IF(BG43="S",-F$6-0.00001,0)) -> 2 | G43: =IF(BH43="","",IF(BH43="x",G$6,0)+IF(BH43="S",-G$6-0.00001,0)) | H43: =IF(BI43="","",IF(BI43="x",H$6,0)+IF(BI43="S",-H$6-0.00001,0)) | I43: =IF(BJ43="","",IF(BJ43="x",I$6,0)+IF(BJ43="S",-I$6-0.00001,0)) | J43: =IF(BK43="","",IF(BK43="x",J$6,0)+IF(BK43="S",-J$6-0.00001,0)) | K43: =IF(BL43="","",IF(BL43="x",K$6,0)+IF(BL43="S",-K$6-0.00001,0)) -> 1 | L43: =IF(BM43="","",IF(BM43="x",L$6,0)+IF(BM43="S",-L$6-0.00001,0)) | M43: =IF(BN43="","",IF(BN43="x",M$6,0)+IF(BN43="S",-M$6-0.00001,0)) | ... BA43: =IF(DB43="","",IF(DB43="x",BA$6,0)+IF(DB43="S",-BA$6-0.00001,0)) | BB43: No | BG43: =IF(NOT(ISERROR(HLOOKUP(Standings!BG$3,Entries!$C8:$K8,1,FALSE))),"x",IF(NOT(ISERROR(HLOOKUP(Standings!BG$3,Entries!$L8:$L8,1,FALSE))),"S","")) -> x | BH43: =IF(NOT(ISERROR(HLOOKUP(Standings!BH$3,Entries!$C8:$K8,1,FALSE))),"x",IF(NOT(ISERROR(HLOOKUP(Standings!BH$3,Entries!$L8:$L8,1,FALSE))),"S","")) | BI43: =IF(NOT(ISERROR(HLOOKUP(Standings!BI$3,Entries!$C8:$K8,1,FALSE))),"x",IF(NOT(ISERROR(HLOOKUP(Standings!BI$3,Entries!$L8:$L8,1,FALSE))),"S","")) | BJ43: =IF(NOT(ISERROR(HLOOKUP(Standings!BJ$3,Entries!$C8:$K8,1,FALSE))),"x",IF(NOT(ISERROR(HLOOKUP(Standings!BJ$3,Entries!$L8:$L8,1,FALSE))),"S","")) | BK43: =IF(NOT(ISERROR(HLOOKUP(Standings!BK$3,Entries!$C8:$K8,1,FALSE))),"x",IF(NOT(ISERROR(HLOOKUP(Standings!BK$3,Entries!$L8:$L8,1,FALSE))),"S","")) | BL43: =IF(NOT(ISERROR(HLOOKUP(Standings!BL$3,Entries!$C8:$K8,1,FALSE))),"x",IF(NOT(ISERROR(HLOOKUP(Standings!BL$3,Entries!$L8:$L8,1,FALSE))),"S","")) -> x | BM43: =IF(NOT(ISERROR(HLOOKUP(Standings!BM$3,Entries!$C8:$K8,1,FALSE))),"x",IF(NOT(ISERROR(HLOOKUP(Standings!BM$3,Entries!$L8:$L8,1,FALSE))),"S","")) | BN43: =IF(NOT(ISERROR(HLOOKUP(Standings!BN$3,Entries!$C8:$K8,1,FALSE))),"x",IF(NOT(ISERROR(HLOOKUP(Standings!BN$3,Entries!$L8:$L8,1,FALSE))),"S","")) | ... DB43: =IF(NOT(ISERROR(HLOOKUP(Standings!DB$3,Entries!$C8:$K8,1,FALSE))),"x",IF(NOT(ISERROR(HLOOKUP(Standings!DB$3,Entries!$L8:$L8,1,FALSE))),"S",""))
B44: 72 | C44: =Entries!B14 -> shoup2 | D44: =IF(C44="","",RANK(E44,$E$10:$E$111)) -> 32 | E44: =IF(C44="","",ROUND(SUM(F44:AK44),0)) -> 4 | F44: =IF(BG44="","",IF(BG44="x",F$6,0)+IF(BG44="S",-F$6-0.00001,0)) | G44: =IF(BH44="","",IF(BH44="x",G$6,0)+IF(BH44="S",-G$6-0.00001,0)) | H44: =IF(BI44="","",IF(BI44="x",H$6,0)+IF(BI44="S",-H$6-0.00001,0)) | I44: =IF(BJ44="","",IF(BJ44="x",I$6,0)+IF(BJ44="S",-I$6-0.00001,0)) | J44: =IF(BK44="","",IF(BK44="x",J$6,0)+IF(BK44="S",-J$6-0.00001,0)) | K44: =IF(BL44="","",IF(BL44="x",K$6,0)+IF(BL44="S",-K$6-0.00001,0)) -> 1 | L44: =IF(BM44="","",IF(BM44="x",L$6,0)+IF(BM44="S",-L$6-0.00001,0)) | M44: =IF(BN44="","",IF(BN44="x",M$6,0)+IF(BN44="S",-M$6-0.00001,0)) | ... BA44: =IF(DB44="","",IF(DB44="x",BA$6,0)+IF(DB44="S",-BA$6-0.00001,0)) | BB44: No | BG44: =IF(NOT(ISERROR(HLOOKUP(Standings!BG$3,Entries!$C14:$K14,1,FALSE))),"x",IF(NOT(ISERROR(HLOOKUP(Standings!BG$3,Entries!$L14:$L14,1,FALSE))),"S","")) | BH44: =IF(NOT(ISERROR(HLOOKUP(Standings!BH$3,Entries!$C14:$K14,1,FALSE))),"x",IF(NOT(ISERROR(HLOOKUP(Standings!BH$3,Entries!$L14:$L14,1,FALSE))),"S","")) | BI44: =IF(NOT(ISERROR(HLOOKUP(Standings!BI$3,Entries!$C14:$K14,1,FALSE))),"x",IF(NOT(ISERROR(HLOOKUP(Standings!BI$3,Entries!$L14:$L14,1,FALSE))),"S","")) | BJ44: =IF(NOT(ISERROR(HLOOKUP(Standings!BJ$3,Entries!$C14:$K14,1,FALSE))),"x",IF(NOT(ISERROR(HLOOKUP(Standings!BJ$3,Entries!$L14:$L14,1,FALSE))),"S","")) | BK44: =IF(NOT(ISERROR(HLOOKUP(Standings!BK$3,Entries!$C14:$K14,1,FALSE))),"x",IF(NOT(ISERROR(HLOOKUP(Standings!BK$3,Entries!$L14:$L14,1,FALSE))),"S","")) | BL44: =IF(NOT(ISERROR(HLOOKUP(Standings!BL$3,Entries!$C14:$K14,1,FALSE))),"x",IF(NOT(ISERROR(HLOOKUP(Standings!BL$3,Entries!$L14:$L14,1,FALSE))),"S","")) -> x | BM44: =IF(NOT(ISERROR(HLOOKUP(Standings!BM$3,Entries!$C14:$K14,1,FALSE))),"x",IF(NOT(ISERROR(HLOOKUP(Standings!BM$3,Entries!$L14:$L14,1,FALSE))),"S","")) | BN44: =IF(NOT(ISERROR(HLOOKUP(Standings!BN$3,Entries!$C14:$K14,1,FALSE))),"x",IF(NOT(ISERROR(HLOOKUP(Standings!BN$3,Entries!$L14:$L14,1,FALSE))),"S","")) | ... DB44: =IF(NOT(ISERROR(HLOOKUP(Standings!DB$3,Entries!$C14:$K14,1,FALSE))),"x",IF(NOT(ISERROR(HLOOKUP(Standings!DB$3,Entries!$L14:$L14,1,FALSE))),"S",""))
B45: 14 | C45: =Entries!B3 -> Corey Strand V2 | D45: =IF(C45="","",RANK(E45,$E$10:$E$111)) -> 89 | E45: =IF(C45="","",ROUND(SUM(F45:AK45),0)) -> 0 | F45: =IF(BG45="","",IF(BG45="x",F$6,0)+IF(BG45="S",-F$6-0.00001,0)) | G45: =IF(BH45="","",IF(BH45="x",G$6,0)+IF(BH45="S",-G$6-0.00001,0)) | H45: =IF(BI45="","",IF(BI45="x",H$6,0)+IF(BI45="S",-H$6-0.00001,0)) | I45: =IF(BJ45="","",IF(BJ45="x",I$6,0)+IF(BJ45="S",-I$6-0.00001,0)) | J45: =IF(BK45="","",IF(BK45="x",J$6,0)+IF(BK45="S",-J$6-0.00001,0)) | K45: =IF(BL45="","",IF(BL45="x",K$6,0)+IF(BL45="S",-K$6-0.00001,0)) | L45: =IF(BM45="","",IF(BM45="x",L$6,0)+IF(BM45="S",-L$6-0.00001,0)) | M45: =IF(BN45="","",IF(BN45="x",M$6,0)+IF(BN45="S",-M$6-0.00001,0)) | ... BA45: =IF(DB45="","",IF(DB45="x",BA$6,0)+IF(DB45="S",-BA$6-0.00001,0)) | BB45: No | BG45: =IF(NOT(ISERROR(HLOOKUP(Standings!BG$3,Entries!$C3:$K3,1,FALSE))),"x",IF(NOT(ISERROR(HLOOKUP(Standings!BG$3,Entries!$L3:$L3,1,FALSE))),"S","")) | BH45: =IF(NOT(ISERROR(HLOOKUP(Standings!BH$3,Entries!$C3:$K3,1,FALSE))),"x",IF(NOT(ISERROR(HLOOKUP(Standings!BH$3,Entries!$L3:$L3,1,FALSE))),"S","")) | BI45: =IF(NOT(ISERROR(HLOOKUP(Standings!BI$3,Entries!$C3:$K3,1,FALSE))),"x",IF(NOT(ISERROR(HLOOKUP(Standings!BI$3,Entries!$L3:$L3,1,FALSE))),"S","")) | BJ45: =IF(NOT(ISERROR(HLOOKUP(Standings!BJ$3,Entries!$C3:$K3,1,FALSE))),"x",IF(NOT(ISERROR(HLOOKUP(Standings!BJ$3,Entries!$L3:$L3,1,FALSE))),"S","")) | BK45: =IF(NOT(ISERROR(HLOOKUP(Standings!BK$3,Entries!$C3:$K3,1,FALSE))),"x",IF(NOT(ISERROR(HLOOKUP(Standings!BK$3,Entries!$L3:$L3,1,FALSE))),"S","")) | BL45: =IF(NOT(ISERROR(HLOOKUP(Standings!BL$3,Entries!$C3:$K3,1,FALSE))),"x",IF(NOT(ISERROR(HLOOKUP(Standings!BL$3,Entries!$L3:$L3,1,FALSE))),"S","")) | BM45: =IF(NOT(ISERROR(HLOOKUP(Standings!BM$3,Entries!$C3:$K3,1,FALSE))),"x",IF(NOT(ISERROR(HLOOKUP(Standings!BM$3,Entries!$L3:$L3,1,FALSE))),"S","")) | BN45: =IF(NOT(ISERROR(HLOOKUP(Standings!BN$3,Entries!$C3:$K3,1,FALSE))),"x",IF(NOT(ISERROR(HLOOKUP(Standings!BN$3,Entries!$L3:$L3,1,FALSE))),"S","")) | ... DB45: =IF(NOT(ISERROR(HLOOKUP(Standings!DB$3,Entries!$C3:$K3,1,FALSE))),"x",IF(NOT(ISERROR(HLOOKUP(Standings!DB$3,Entries!$L3:$L3,1,FALSE))),"S",""))
B46: 54 | C46: =Entries!B5 -> MatthewSchaefer | D46: =IF(C46="","",RANK(E46,$E$10:$E$111)) -> 89 | E46: =IF(C46="","",ROUND(SUM(F46:AK46),0)) -> 0 | F46: =IF(BG46="","",IF(BG46="x",F$6,0)+IF(BG46="S",-F$6-0.00001,0)) | G46: =IF(BH46="","",IF(BH46="x",G$6,0)+IF(BH46="S",-G$6-0.00001,0)) | H46: =IF(BI46="","",IF(BI46="x",H$6,0)+IF(BI46="S",-H$6-0.00001,0)) | I46: =IF(BJ46="","",IF(BJ46="x",I$6,0)+IF(BJ46="S",-I$6-0.00001,0)) | J46: =IF(BK46="","",IF(BK46="x",J$6,0)+IF(BK46="S",-J$6-0.00001,0)) | K46: =IF(BL46="","",IF(BL46="x",K$6,0)+IF(BL46="S",-K$6-0.00001,0)) | L46: =IF(BM46="","",IF(BM46="x",L$6,0)+IF(BM46="S",-L$6-0.00001,0)) | M46: =IF(BN46="","",IF(BN46="x",M$6,0)+IF(BN46="S",-M$6-0.00001,0)) | ... BA46: =IF(DB46="","",IF(DB46="x",BA$6,0)+IF(DB46="S",-BA$6-0.00001,0)) | BB46: No | BG46: =IF(NOT(ISERROR(HLOOKUP(Standings!BG$3,Entries!$C5:$K5,1,FALSE))),"x",IF(NOT(ISERROR(HLOOKUP(Standings!BG$3,Entries!$L5:$L5,1,FALSE))),"S","")) | BH46: =IF(NOT(ISERROR(HLOOKUP(Standings!BH$3,Entries!$C5:$K5,1,FALSE))),"x",IF(NOT(ISERROR(HLOOKUP(Standings!BH$3,Entries!$L5:$L5,1,FALSE))),"S","")) | BI46: =IF(NOT(ISERROR(HLOOKUP(Standings!BI$3,Entries!$C5:$K5,1,FALSE))),"x",IF(NOT(ISERROR(HLOOKUP(Standings!BI$3,Entries!$L5:$L5,1,FALSE))),"S","")) | BJ46: =IF(NOT(ISERROR(HLOOKUP(Standings!BJ$3,Entries!$C5:$K5,1,FALSE))),"x",IF(NOT(ISERROR(HLOOKUP(Standings!BJ$3,Entries!$L5:$L5,1,FALSE))),"S","")) | BK46: =IF(NOT(ISERROR(HLOOKUP(Standings!BK$3,Entries!$C5:$K5,1,FALSE))),"x",IF(NOT(ISERROR(HLOOKUP(Standings!BK$3,Entries!$L5:$L5,1,FALSE))),"S","")) | BL46: =IF(NOT(ISERROR(HLOOKUP(Standings!BL$3,Entries!$C5:$K5,1,FALSE))),"x",IF(NOT(ISERROR(HLOOKUP(Standings!BL$3,Entries!$L5:$L5,1,FALSE))),"S","")) | BM46: =IF(NOT(ISERROR(HLOOKUP(Standings!BM$3,Entries!$C5:$K5,1,FALSE))),"x",IF(NOT(ISERROR(HLOOKUP(Standings!BM$3,Entries!$L5:$L5,1,FALSE))),"S","")) | BN46: =IF(NOT(ISERROR(HLOOKUP(Standings!BN$3,Entries!$C5:$K5,1,FALSE))),"x",IF(NOT(ISERROR(HLOOKUP(Standings!BN$3,Entries!$L5:$L5,1,FALSE))),"S","")) | ... DB46: =IF(NOT(ISERROR(HLOOKUP(Standings!DB$3,Entries!$C5:$K5,1,FALSE))),"x",IF(NOT(ISERROR(HLOOKUP(Standings!DB$3,Entries!$L5:$L5,1,FALSE))),"S",""))
B47: 23 | C47: =Entries!B6 -> Marissa Cleaveland2 | D47: =IF(C47="","",RANK(E47,$E$10:$E$111)) -> 81 | E47: =IF(C47="","",ROUND(SUM(F47:AK47),0)) -> 1 | F47: =IF(BG47="","",IF(BG47="x",F$6,0)+IF(BG47="S",-F$6-0.00001,0)) | G47: =IF(BH47="","",IF(BH47="x",G$6,0)+IF(BH47="S",-G$6-0.00001,0)) | H47: =IF(BI47="","",IF(BI47="x",H$6,0)+IF(BI47="S",-H$6-0.00001,0)) | I47: =IF(BJ47="","",IF(BJ47="x",I$6,0)+IF(BJ47="S",-I$6-0.00001,0)) -> 0 | J47: =IF(BK47="","",IF(BK47="x",J$6,0)+IF(BK47="S",-J$6-0.00001,0)) | K47: =IF(BL47="","",IF(BL47="x",K$6,0)+IF(BL47="S",-K$6-0.00001,0)) | L47: =IF(BM47="","",IF(BM47="x",L$6,0)+IF(BM47="S",-L$6-0.00001,0)) | M47: =IF(BN47="","",IF(BN47="x",M$6,0)+IF(BN47="S",-M$6-0.00001,0)) | ... BA47: =IF(DB47="","",IF(DB47="x",BA$6,0)+IF(DB47="S",-BA$6-0.00001,0)) | BB47: No | BG47: =IF(NOT(ISERROR(HLOOKUP(Standings!BG$3,Entries!$C6:$K6,1,FALSE))),"x",IF(NOT(ISERROR(HLOOKUP(Standings!BG$3,Entries!$L6:$L6,1,FALSE))),"S","")) | BH47: =IF(NOT(ISERROR(HLOOKUP(Standings!BH$3,Entries!$C6:$K6,1,FALSE))),"x",IF(NOT(ISERROR(HLOOKUP(Standings!BH$3,Entries!$L6:$L6,1,FALSE))),"S","")) | BI47: =IF(NOT(ISERROR(HLOOKUP(Standings!BI$3,Entries!$C6:$K6,1,FALSE))),"x",IF(NOT(ISERROR(HLOOKUP(Standings!BI$3,Entries!$L6:$L6,1,FALSE))),"S","")) | BJ47: =IF(NOT(ISERROR(HLOOKUP(Standings!BJ$3,Entries!$C6:$K6,1,FALSE))),"x",IF(NOT(ISERROR(HLOOKUP(Standings!BJ$3,Entries!$L6:$L6,1,FALSE))),"S","")) -> x | BK47: =IF(NOT(ISERROR(HLOOKUP(Standings!BK$3,Entries!$C6:$K6,1,FALSE))),"x",IF(NOT(ISERROR(HLOOKUP(Standings!BK$3,Entries!$L6:$L6,1,FALSE))),"S","")) | BL47: =IF(NOT(ISERROR(HLOOKUP(Standings!BL$3,Entries!$C6:$K6,1,FALSE))),"x",IF(NOT(ISERROR(HLOOKUP(Standings!BL$3,Entries!$L6:$L6,1,FALSE))),"S","")) | BM47: =IF(NOT(ISERROR(HLOOKUP(Standings!BM$3,Entries!$C6:$K6,1,FALSE))),"x",IF(NOT(ISERROR(HLOOKUP(Standings!BM$3,Entries!$L6:$L6,1,FALSE))),"S","")) | BN47: =IF(NOT(ISERROR(HLOOKUP(Standings!BN$3,Entries!$C6:$K6,1,FALSE))),"x",IF(NOT(ISERROR(HLOOKUP(Standings!BN$3,Entries!$L6:$L6,1,FALSE))),"S","")) | ... DB47: =IF(NOT(ISERROR(HLOOKUP(Standings!DB$3,Entries!$C6:$K6,1,FALSE))),"x",IF(NOT(ISERROR(HLOOKUP(Standings!DB$3,Entries!$L6:$L6,1,FALSE))),"S",""))
B48: 28 | C48: =Entries!B9 -> Manson2SudAmericaDrama | D48: =IF(C48="","",RANK(E48,$E$10:$E$111)) -> 81 | E48: =IF(C48="","",ROUND(SUM(F48:AK48),0)) -> 1 | F48: =IF(BG48="","",IF(BG48="x",F$6,0)+IF(BG48="S",-F$6-0.00001,0)) | G48: =IF(BH48="","",IF(BH48="x",G$6,0)+IF(BH48="S",-G$6-0.00001,0)) | H48: =IF(BI48="","",IF(BI48="x",H$6,0)+IF(BI48="S",-H$6-0.00001,0)) | I48: =IF(BJ48="","",IF(BJ48="x",I$6,0)+IF(BJ48="S",-I$6-0.00001,0)) | J48: =IF(BK48="","",IF(BK48="x",J$6,0)+IF(BK48="S",-J$6-0.00001,0)) | K48: =IF(BL48="","",IF(BL48="x",K$6,0)+IF(BL48="S",-K$6-0.00001,0)) | L48: =IF(BM48="","",IF(BM48="x",L$6,0)+IF(BM48="S",-L$6-0.00001,0)) | M48: =IF(BN48="","",IF(BN48="x",M$6,0)+IF(BN48="S",-M$6-0.00001,0)) | ... BA48: =IF(DB48="","",IF(DB48="x",BA$6,0)+IF(DB48="S",-BA$6-0.00001,0)) -> 0 | BB48: No | BG48: =IF(NOT(ISERROR(HLOOKUP(Standings!BG$3,Entries!$C9:$K9,1,FALSE))),"x",IF(NOT(ISERROR(HLOOKUP(Standings!BG$3,Entries!$L9:$L9,1,FALSE))),"S","")) | BH48: =IF(NOT(ISERROR(HLOOKUP(Standings!BH$3,Entries!$C9:$K9,1,FALSE))),"x",IF(NOT(ISERROR(HLOOKUP(Standings!BH$3,Entries!$L9:$L9,1,FALSE))),"S","")) | BI48: =IF(NOT(ISERROR(HLOOKUP(Standings!BI$3,Entries!$C9:$K9,1,FALSE))),"x",IF(NOT(ISERROR(HLOOKUP(Standings!BI$3,Entries!$L9:$L9,1,FALSE))),"S","")) | BJ48: =IF(NOT(ISERROR(HLOOKUP(Standings!BJ$3,Entries!$C9:$K9,1,FALSE))),"x",IF(NOT(ISERROR(HLOOKUP(Standings!BJ$3,Entries!$L9:$L9,1,FALSE))),"S","")) | BK48: =IF(NOT(ISERROR(HLOOKUP(Standings!BK$3,Entries!$C9:$K9,1,FALSE))),"x",IF(NOT(ISERROR(HLOOKUP(Standings!BK$3,Entries!$L9:$L9,1,FALSE))),"S","")) | BL48: =IF(NOT(ISERROR(HLOOKUP(Standings!BL$3,Entries!$C9:$K9,1,FALSE))),"x",IF(NOT(ISERROR(HLOOKUP(Standings!BL$3,Entries!$L9:$L9,1,FALSE))),"S","")) | BM48: =IF(NOT(ISERROR(HLOOKUP(Standings!BM$3,Entries!$C9:$K9,1,FALSE))),"x",IF(NOT(ISERROR(HLOOKUP(Standings!BM$3,Entries!$L9:$L9,1,FALSE))),"S","")) | BN48: =IF(NOT(ISERROR(HLOOKUP(Standings!BN$3,Entries!$C9:$K9,1,FALSE))),"x",IF(NOT(ISERROR(HLOOKUP(Standings!BN$3,Entries!$L9:$L9,1,FALSE))),"S","")) | ... DB48: =IF(NOT(ISERROR(HLOOKUP(Standings!DB$3,Entries!$C9:$K9,1,FALSE))),"x",IF(NOT(ISERROR(HLOOKUP(Standings!DB$3,Entries!$L9:$L9,1,FALSE))),"S","")) -> x
B49: 10 | C49: =Entries!B10 -> Manson3HeartofHearts | D49: =IF(C49="","",RANK(E49,$E$10:$E$111)) -> 55 | E49: =IF(C49="","",ROUND(SUM(F49:AK49),0)) -> 3 | F49: =IF(BG49="","",IF(BG49="x",F$6,0)+IF(BG49="S",-F$6-0.00001,0)) | G49: =IF(BH49="","",IF(BH49="x",G$6,0)+IF(BH49="S",-G$6-0.00001,0)) | H49: =IF(BI49="","",IF(BI49="x",H$6,0)+IF(BI49="S",-H$6-0.00001,0)) | I49: =IF(BJ49="","",IF(BJ49="x",I$6,0)+IF(BJ49="S",-I$6-0.00001,0)) -> 0 | J49: =IF(BK49="","",IF(BK49="x",J$6,0)+IF(BK49="S",-J$6-0.00001,0)) | K49: =IF(BL49="","",IF(BL49="x",K$6,0)+IF(BL49="S",-K$6-0.00001,0)) | L49: =IF(BM49="","",IF(BM49="x",L$6,0)+IF(BM49="S",-L$6-0.00001,0)) | M49: =IF(BN49="","",IF(BN49="x",M$6,0)+IF(BN49="S",-M$6-0.00001,0)) | ... BA49: =IF(DB49="","",IF(DB49="x",BA$6,0)+IF(DB49="S",-BA$6-0.00001,0)) | BB49: No | BG49: =IF(NOT(ISERROR(HLOOKUP(Standings!BG$3,Entries!$C10:$K10,1,FALSE))),"x",IF(NOT(ISERROR(HLOOKUP(Standings!BG$3,Entries!$L10:$L10,1,FALSE))),"S","")) | BH49: =IF(NOT(ISERROR(HLOOKUP(Standings!BH$3,Entries!$C10:$K10,1,FALSE))),"x",IF(NOT(ISERROR(HLOOKUP(Standings!BH$3,Entries!$L10:$L10,1,FALSE))),"S","")) | BI49: =IF(NOT(ISERROR(HLOOKUP(Standings!BI$3,Entries!$C10:$K10,1,FALSE))),"x",IF(NOT(ISERROR(HLOOKUP(Standings!BI$3,Entries!$L10:$L10,1,FALSE))),"S","")) | BJ49: =IF(NOT(ISERROR(HLOOKUP(Standings!BJ$3,Entries!$C10:$K10,1,FALSE))),"x",IF(NOT(ISERROR(HLOOKUP(Standings!BJ$3,Entries!$L10:$L10,1,FALSE))),"S","")) -> x | BK49: =IF(NOT(ISERROR(HLOOKUP(Standings!BK$3,Entries!$C10:$K10,1,FALSE))),"x",IF(NOT(ISERROR(HLOOKUP(Standings!BK$3,Entries!$L10:$L10,1,FALSE))),"S","")) | BL49: =IF(NOT(ISERROR(HLOOKUP(Standings!BL$3,Entries!$C10:$K10,1,FALSE))),"x",IF(NOT(ISERROR(HLOOKUP(Standings!BL$3,Entries!$L10:$L10,1,FALSE))),"S","")) | BM49: =IF(NOT(ISERROR(HLOOKUP(Standings!BM$3,Entries!$C10:$K10,1,FALSE))),"x",IF(NOT(ISERROR(HLOOKUP(Standings!BM$3,Entries!$L10:$L10,1,FALSE))),"S","")) | BN49: =IF(NOT(ISERROR(HLOOKUP(Standings!BN$3,Entries!$C10:$K10,1,FALSE))),"x",IF(NOT(ISERROR(HLOOKUP(Standings!BN$3,Entries!$L10:$L10,1,FALSE))),"S","")) | ... DB49: =IF(NOT(ISERROR(HLOOKUP(Standings!DB$3,Entries!$C10:$K10,1,FALSE))),"x",IF(NOT(ISERROR(HLOOKUP(Standings!DB$3,Entries!$L10:$L10,1,FALSE))),"S",""))
B50: 29 | C50: =Entries!B15 -> AbbieSchaeferWorldCupPicks | D50: =IF(C50="","",RANK(E50,$E$10:$E$111)) -> 55 | E50: =IF(C50="","",ROUND(SUM(F50:AK50),0)) -> 3 | F50: =IF(BG50="","",IF(BG50="x",F$6,0)+IF(BG50="S",-F$6-0.00001,0)) | G50: =IF(BH50="","",IF(BH50="x",G$6,0)+IF(BH50="S",-G$6-0.00001,0)) | H50: =IF(BI50="","",IF(BI50="x",H$6,0)+IF(BI50="S",-H$6-0.00001,0)) | I50: =IF(BJ50="","",IF(BJ50="x",I$6,0)+IF(BJ50="S",-I$6-0.00001,0)) | J50: =IF(BK50="","",IF(BK50="x",J$6,0)+IF(BK50="S",-J$6-0.00001,0)) | K50: =IF(BL50="","",IF(BL50="x",K$6,0)+IF(BL50="S",-K$6-0.00001,0)) | L50: =IF(BM50="","",IF(BM50="x",L$6,0)+IF(BM50="S",-L$6-0.00001,0)) | M50: =IF(BN50="","",IF(BN50="x",M$6,0)+IF(BN50="S",-M$6-0.00001,0)) | ... BA50: =IF(DB50="","",IF(DB50="x",BA$6,0)+IF(DB50="S",-BA$6-0.00001,0)) | BB50: No | BG50: =IF(NOT(ISERROR(HLOOKUP(Standings!BG$3,Entries!$C15:$K15,1,FALSE))),"x",IF(NOT(ISERROR(HLOOKUP(Standings!BG$3,Entries!$L15:$L15,1,FALSE))),"S","")) | BH50: =IF(NOT(ISERROR(HLOOKUP(Standings!BH$3,Entries!$C15:$K15,1,FALSE))),"x",IF(NOT(ISERROR(HLOOKUP(Standings!BH$3,Entries!$L15:$L15,1,FALSE))),"S","")) | BI50: =IF(NOT(ISERROR(HLOOKUP(Standings!BI$3,Entries!$C15:$K15,1,FALSE))),"x",IF(NOT(ISERROR(HLOOKUP(Standings!BI$3,Entries!$L15:$L15,1,FALSE))),"S","")) | BJ50: =IF(NOT(ISERROR(HLOOKUP(Standings!BJ$3,Entries!$C15:$K15,1,FALSE))),"x",IF(NOT(ISERROR(HLOOKUP(Standings!BJ$3,Entries!$L15:$L15,1,FALSE))),"S","")) | BK50: =IF(NOT(ISERROR(HLOOKUP(Standings!BK$3,Entries!$C15:$K15,1,FALSE))),"x",IF(NOT(ISERROR(HLOOKUP(Standings!BK$3,Entries!$L15:$L15,1,FALSE))),"S","")) | BL50: =IF(NOT(ISERROR(HLOOKUP(Standings!BL$3,Entries!$C15:$K15,1,FALSE))),"x",IF(NOT(ISERROR(HLOOKUP(Standings!BL$3,Entries!$L15:$L15,1,FALSE))),"S","")) | BM50: =IF(NOT(ISERROR(HLOOKUP(Standings!BM$3,Entries!$C15:$K15,1,FALSE))),"x",IF(NOT(ISERROR(HLOOKUP(Standings!BM$3,Entries!$L15:$L15,1,FALSE))),"S","")) | BN50: =IF(NOT(ISERROR(HLOOKUP(Standings!BN$3,Entries!$C15:$K15,1,FALSE))),"x",IF(NOT(ISERROR(HLOOKUP(Standings!BN$3,Entries!$L15:$L15,1,FALSE))),"S","")) | ... DB50: =IF(NOT(ISERROR(HLOOKUP(Standings!DB$3,Entries!$C15:$K15,1,FALSE))),"x",IF(NOT(ISERROR(HLOOKUP(Standings!DB$3,Entries!$L15:$L15,1,FALSE))),"S",""))
B51: 9 | C51: =Entries!B16 -> JoelsBalance | D51: =IF(C51="","",RANK(E51,$E$10:$E$111)) -> 32 | E51: =IF(C51="","",ROUND(SUM(F51:AK51),0)) -> 4 | F51: =IF(BG51="","",IF(BG51="x",F$6,0)+IF(BG51="S",-F$6-0.00001,0)) -> 2 | G51: =IF(BH51="","",IF(BH51="x",G$6,0)+IF(BH51="S",-G$6-0.00001,0)) | H51: =IF(BI51="","",IF(BI51="x",H$6,0)+IF(BI51="S",-H$6-0.00001,0)) | I51: =IF(BJ51="","",IF(BJ51="x",I$6,0)+IF(BJ51="S",-I$6-0.00001,0)) | J51: =IF(BK51="","",IF(BK51="x",J$6,0)+IF(BK51="S",-J$6-0.00001,0)) | K51: =IF(BL51="","",IF(BL51="x",K$6,0)+IF(BL51="S",-K$6-0.00001,0)) -> 1 | L51: =IF(BM51="","",IF(BM51="x",L$6,0)+IF(BM51="S",-L$6-0.00001,0)) | M51: =IF(BN51="","",IF(BN51="x",M$6,0)+IF(BN51="S",-M$6-0.00001,0)) | ... BA51: =IF(DB51="","",IF(DB51="x",BA$6,0)+IF(DB51="S",-BA$6-0.00001,0)) -> 0 | BB51: No | BG51: =IF(NOT(ISERROR(HLOOKUP(Standings!BG$3,Entries!$C16:$K16,1,FALSE))),"x",IF(NOT(ISERROR(HLOOKUP(Standings!BG$3,Entries!$L16:$L16,1,FALSE))),"S","")) -> x | BH51: =IF(NOT(ISERROR(HLOOKUP(Standings!BH$3,Entries!$C16:$K16,1,FALSE))),"x",IF(NOT(ISERROR(HLOOKUP(Standings!BH$3,Entries!$L16:$L16,1,FALSE))),"S","")) | BI51: =IF(NOT(ISERROR(HLOOKUP(Standings!BI$3,Entries!$C16:$K16,1,FALSE))),"x",IF(NOT(ISERROR(HLOOKUP(Standings!BI$3,Entries!$L16:$L16,1,FALSE))),"S","")) | BJ51: =IF(NOT(ISERROR(HLOOKUP(Standings!BJ$3,Entries!$C16:$K16,1,FALSE))),"x",IF(NOT(ISERROR(HLOOKUP(Standings!BJ$3,Entries!$L16:$L16,1,FALSE))),"S","")) | BK51: =IF(NOT(ISERROR(HLOOKUP(Standings!BK$3,Entries!$C16:$K16,1,FALSE))),"x",IF(NOT(ISERROR(HLOOKUP(Standings!BK$3,Entries!$L16:$L16,1,FALSE))),"S","")) | BL51: =IF(NOT(ISERROR(HLOOKUP(Standings!BL$3,Entries!$C16:$K16,1,FALSE))),"x",IF(NOT(ISERROR(HLOOKUP(Standings!BL$3,Entries!$L16:$L16,1,FALSE))),"S","")) -> x | BM51: =IF(NOT(ISERROR(HLOOKUP(Standings!BM$3,Entries!$C16:$K16,1,FALSE))),"x",IF(NOT(ISERROR(HLOOKUP(Standings!BM$3,Entries!$L16:$L16,1,FALSE))),"S","")) | BN51: =IF(NOT(ISERROR(HLOOKUP(Standings!BN$3,Entries!$C16:$K16,1,FALSE))),"x",IF(NOT(ISERROR(HLOOKUP(Standings!BN$3,Entries!$L16:$L16,1,FALSE))),"S","")) | ... DB51: =IF(NOT(ISERROR(HLOOKUP(Standings!DB$3,Entries!$C16:$K16,1,FALSE))),"x",IF(NOT(ISERROR(HLOOKUP(Standings!DB$3,Entries!$L16:$L16,1,FALSE))),"S","")) -> x
B52: 71 | C52: =Entries!B20 -> WillBullock | D52: =IF(C52="","",RANK(E52,$E$10:$E$111)) -> 32 | E52: =IF(C52="","",ROUND(SUM(F52:AK52),0)) -> 4 | F52: =IF(BG52="","",IF(BG52="x",F$6,0)+IF(BG52="S",-F$6-0.00001,0)) | G52: =IF(BH52="","",IF(BH52="x",G$6,0)+IF(BH52="S",-G$6-0.00001,0)) | H52: =IF(BI52="","",IF(BI52="x",H$6,0)+IF(BI52="S",-H$6-0.00001,0)) | I52: =IF(BJ52="","",IF(BJ52="x",I$6,0)+IF(BJ52="S",-I$6-0.00001,0)) -> 0 | J52: =IF(BK52="","",IF(BK52="x",J$6,0)+IF(BK52="S",-J$6-0.00001,0)) -> 1 | K52: =IF(BL52="","",IF(BL52="x",K$6,0)+IF(BL52="S",-K$6-0.00001,0)) | L52: =IF(BM52="","",IF(BM52="x",L$6,0)+IF(BM52="S",-L$6-0.00001,0)) | M52: =IF(BN52="","",IF(BN52="x",M$6,0)+IF(BN52="S",-M$6-0.00001,0)) | ... BA52: =IF(DB52="","",IF(DB52="x",BA$6,0)+IF(DB52="S",-BA$6-0.00001,0)) | BB52: No | BG52: =IF(NOT(ISERROR(HLOOKUP(Standings!BG$3,Entries!$C20:$K20,1,FALSE))),"x",IF(NOT(ISERROR(HLOOKUP(Standings!BG$3,Entries!$L20:$L20,1,FALSE))),"S","")) | BH52: =IF(NOT(ISERROR(HLOOKUP(Standings!BH$3,Entries!$C20:$K20,1,FALSE))),"x",IF(NOT(ISERROR(HLOOKUP(Standings!BH$3,Entries!$L20:$L20,1,FALSE))),"S","")) | BI52: =IF(NOT(ISERROR(HLOOKUP(Standings!BI$3,Entries!$C20:$K20,1,FALSE))),"x",IF(NOT(ISERROR(HLOOKUP(Standings!BI$3,Entries!$L20:$L20,1,FALSE))),"S","")) | BJ52: =IF(NOT(ISERROR(HLOOKUP(Standings!BJ$3,Entries!$C20:$K20,1,FALSE))),"x",IF(NOT(ISERROR(HLOOKUP(Standings!BJ$3,Entries!$L20:$L20,1,FALSE))),"S","")) -> x | BK52: =IF(NOT(ISERROR(HLOOKUP(Standings!BK$3,Entries!$C20:$K20,1,FALSE))),"x",IF(NOT(ISERROR(HLOOKUP(Standings!BK$3,Entries!$L20:$L20,1,FALSE))),"S","")) -> x | BL52: =IF(NOT(ISERROR(HLOOKUP(Standings!BL$3,Entries!$C20:$K20,1,FALSE))),"x",IF(NOT(ISERROR(HLOOKUP(Standings!BL$3,Entries!$L20:$L20,1,FALSE))),"S","")) | BM52: =IF(NOT(ISERROR(HLOOKUP(Standings!BM$3,Entries!$C20:$K20,1,FALSE))),"x",IF(NOT(ISERROR(HLOOKUP(Standings!BM$3,Entries!$L20:$L20,1,FALSE))),"S","")) | BN52: =IF(NOT(ISERROR(HLOOKUP(Standings!BN$3,Entries!$C20:$K20,1,FALSE))),"x",IF(NOT(ISERROR(HLOOKUP(Standings!BN$3,Entries!$L20:$L20,1,FALSE))),"S","")) | ... DB52: =IF(NOT(ISERROR(HLOOKUP(Standings!DB$3,Entries!$C20:$K20,1,FALSE))),"x",IF(NOT(ISERROR(HLOOKUP(Standings!DB$3,Entries!$L20:$L20,1,FALSE))),"S",""))
B53: 71 | C53: =Entries!B21 -> JohnBullock1 | D53: =IF(C53="","",RANK(E53,$E$10:$E$111)) -> 32 | E53: =IF(C53="","",ROUND(SUM(F53:AK53),0)) -> 4 | F53: =IF(BG53="","",IF(BG53="x",F$6,0)+IF(BG53="S",-F$6-0.00001,0)) | G53: =IF(BH53="","",IF(BH53="x",G$6,0)+IF(BH53="S",-G$6-0.00001,0)) | H53: =IF(BI53="","",IF(BI53="x",H$6,0)+IF(BI53="S",-H$6-0.00001,0)) | I53: =IF(BJ53="","",IF(BJ53="x",I$6,0)+IF(BJ53="S",-I$6-0.00001,0)) | J53: =IF(BK53="","",IF(BK53="x",J$6,0)+IF(BK53="S",-J$6-0.00001,0)) | K53: =IF(BL53="","",IF(BL53="x",K$6,0)+IF(BL53="S",-K$6-0.00001,0)) | L53: =IF(BM53="","",IF(BM53="x",L$6,0)+IF(BM53="S",-L$6-0.00001,0)) -> 1 | M53: =IF(BN53="","",IF(BN53="x",M$6,0)+IF(BN53="S",-M$6-0.00001,0)) | ... BA53: =IF(DB53="","",IF(DB53="x",BA$6,0)+IF(DB53="S",-BA$6-0.00001,0)) | BB53: No | BG53: =IF(NOT(ISERROR(HLOOKUP(Standings!BG$3,Entries!$C21:$K21,1,FALSE))),"x",IF(NOT(ISERROR(HLOOKUP(Standings!BG$3,Entries!$L21:$L21,1,FALSE))),"S","")) | BH53: =IF(NOT(ISERROR(HLOOKUP(Standings!BH$3,Entries!$C21:$K21,1,FALSE))),"x",IF(NOT(ISERROR(HLOOKUP(Standings!BH$3,Entries!$L21:$L21,1,FALSE))),"S","")) | BI53: =IF(NOT(ISERROR(HLOOKUP(Standings!BI$3,Entries!$C21:$K21,1,FALSE))),"x",IF(NOT(ISERROR(HLOOKUP(Standings!BI$3,Entries!$L21:$L21,1,FALSE))),"S","")) | BJ53: =IF(NOT(ISERROR(HLOOKUP(Standings!BJ$3,Entries!$C21:$K21,1,FALSE))),"x",IF(NOT(ISERROR(HLOOKUP(Standings!BJ$3,Entries!$L21:$L21,1,FALSE))),"S","")) | BK53: =IF(NOT(ISERROR(HLOOKUP(Standings!BK$3,Entries!$C21:$K21,1,FALSE))),"x",IF(NOT(ISERROR(HLOOKUP(Standings!BK$3,Entries!$L21:$L21,1,FALSE))),"S","")) | BL53: =IF(NOT(ISERROR(HLOOKUP(Standings!BL$3,Entries!$C21:$K21,1,FALSE))),"x",IF(NOT(ISERROR(HLOOKUP(Standings!BL$3,Entries!$L21:$L21,1,FALSE))),"S","")) | BM53: =IF(NOT(ISERROR(HLOOKUP(Standings!BM$3,Entries!$C21:$K21,1,FALSE))),"x",IF(NOT(ISERROR(HLOOKUP(Standings!BM$3,Entries!$L21:$L21,1,FALSE))),"S","")) -> x | BN53: =IF(NOT(ISERROR(HLOOKUP(Standings!BN$3,Entries!$C21:$K21,1,FALSE))),"x",IF(NOT(ISERROR(HLOOKUP(Standings!BN$3,Entries!$L21:$L21,1,FALSE))),"S","")) | ... DB53: =IF(NOT(ISERROR(HLOOKUP(Standings!DB$3,Entries!$C21:$K21,1,FALSE))),"x",IF(NOT(ISERROR(HLOOKUP(Standings!DB$3,Entries!$L21:$L21,1,FALSE))),"S",""))
B54: 40 | C54: =Entries!B22 -> JohnBullock2 | D54: =IF(C54="","",RANK(E54,$E$10:$E$111)) -> 32 | E54: =IF(C54="","",ROUND(SUM(F54:AK54),0)) -> 4 | F54: =IF(BG54="","",IF(BG54="x",F$6,0)+IF(BG54="S",-F$6-0.00001,0)) | G54: =IF(BH54="","",IF(BH54="x",G$6,0)+IF(BH54="S",-G$6-0.00001,0)) -> 0 | H54: =IF(BI54="","",IF(BI54="x",H$6,0)+IF(BI54="S",-H$6-0.00001,0)) | I54: =IF(BJ54="","",IF(BJ54="x",I$6,0)+IF(BJ54="S",-I$6-0.00001,0)) | J54: =IF(BK54="","",IF(BK54="x",J$6,0)+IF(BK54="S",-J$6-0.00001,0)) | K54: =IF(BL54="","",IF(BL54="x",K$6,0)+IF(BL54="S",-K$6-0.00001,0)) | L54: =IF(BM54="","",IF(BM54="x",L$6,0)+IF(BM54="S",-L$6-0.00001,0)) | M54: =IF(BN54="","",IF(BN54="x",M$6,0)+IF(BN54="S",-M$6-0.00001,0)) | ... BA54: =IF(DB54="","",IF(DB54="x",BA$6,0)+IF(DB54="S",-BA$6-0.00001,0)) | BB54: No | BG54: =IF(NOT(ISERROR(HLOOKUP(Standings!BG$3,Entries!$C22:$K22,1,FALSE))),"x",IF(NOT(ISERROR(HLOOKUP(Standings!BG$3,Entries!$L22:$L22,1,FALSE))),"S","")) | BH54: =IF(NOT(ISERROR(HLOOKUP(Standings!BH$3,Entries!$C22:$K22,1,FALSE))),"x",IF(NOT(ISERROR(HLOOKUP(Standings!BH$3,Entries!$L22:$L22,1,FALSE))),"S","")) -> x | BI54: =IF(NOT(ISERROR(HLOOKUP(Standings!BI$3,Entries!$C22:$K22,1,FALSE))),"x",IF(NOT(ISERROR(HLOOKUP(Standings!BI$3,Entries!$L22:$L22,1,FALSE))),"S","")) | BJ54: =IF(NOT(ISERROR(HLOOKUP(Standings!BJ$3,Entries!$C22:$K22,1,FALSE))),"x",IF(NOT(ISERROR(HLOOKUP(Standings!BJ$3,Entries!$L22:$L22,1,FALSE))),"S","")) | BK54: =IF(NOT(ISERROR(HLOOKUP(Standings!BK$3,Entries!$C22:$K22,1,FALSE))),"x",IF(NOT(ISERROR(HLOOKUP(Standings!BK$3,Entries!$L22:$L22,1,FALSE))),"S","")) | BL54: =IF(NOT(ISERROR(HLOOKUP(Standings!BL$3,Entries!$C22:$K22,1,FALSE))),"x",IF(NOT(ISERROR(HLOOKUP(Standings!BL$3,Entries!$L22:$L22,1,FALSE))),"S","")) | BM54: =IF(NOT(ISERROR(HLOOKUP(Standings!BM$3,Entries!$C22:$K22,1,FALSE))),"x",IF(NOT(ISERROR(HLOOKUP(Standings!BM$3,Entries!$L22:$L22,1,FALSE))),"S","")) | BN54: =IF(NOT(ISERROR(HLOOKUP(Standings!BN$3,Entries!$C22:$K22,1,FALSE))),"x",IF(NOT(ISERROR(HLOOKUP(Standings!BN$3,Entries!$L22:$L22,1,FALSE))),"S","")) | ... DB54: =IF(NOT(ISERROR(HLOOKUP(Standings!DB$3,Entries!$C22:$K22,1,FALSE))),"x",IF(NOT(ISERROR(HLOOKUP(Standings!DB$3,Entries!$L22:$L22,1,FALSE))),"S",""))
B55: 3 | C55: =Entries!B24 -> John Falck #2 | D55: =IF(C55="","",RANK(E55,$E$10:$E$111)) -> 32 | E55: =IF(C55="","",ROUND(SUM(F55:AK55),0)) -> 4 | F55: =IF(BG55="","",IF(BG55="x",F$6,0)+IF(BG55="S",-F$6-0.00001,0)) -> 2 | G55: =IF(BH55="","",IF(BH55="x",G$6,0)+IF(BH55="S",-G$6-0.00001,0)) | H55: =IF(BI55="","",IF(BI55="x",H$6,0)+IF(BI55="S",-H$6-0.00001,0)) | I55: =IF(BJ55="","",IF(BJ55="x",I$6,0)+IF(BJ55="S",-I$6-0.00001,0)) | J55: =IF(BK55="","",IF(BK55="x",J$6,0)+IF(BK55="S",-J$6-0.00001,0)) -> 1 | K55: =IF(BL55="","",IF(BL55="x",K$6,0)+IF(BL55="S",-K$6-0.00001,0)) | L55: =IF(BM55="","",IF(BM55="x",L$6,0)+IF(BM55="S",-L$6-0.00001,0)) | M55: =IF(BN55="","",IF(BN55="x",M$6,0)+IF(BN55="S",-M$6-0.00001,0)) | ... BA55: =IF(DB55="","",IF(DB55="x",BA$6,0)+IF(DB55="S",-BA$6-0.00001,0)) | BB55: No | BG55: =IF(NOT(ISERROR(HLOOKUP(Standings!BG$3,Entries!$C24:$K24,1,FALSE))),"x",IF(NOT(ISERROR(HLOOKUP(Standings!BG$3,Entries!$L24:$L24,1,FALSE))),"S","")) -> x | BH55: =IF(NOT(ISERROR(HLOOKUP(Standings!BH$3,Entries!$C24:$K24,1,FALSE))),"x",IF(NOT(ISERROR(HLOOKUP(Standings!BH$3,Entries!$L24:$L24,1,FALSE))),"S","")) | BI55: =IF(NOT(ISERROR(HLOOKUP(Standings!BI$3,Entries!$C24:$K24,1,FALSE))),"x",IF(NOT(ISERROR(HLOOKUP(Standings!BI$3,Entries!$L24:$L24,1,FALSE))),"S","")) | BJ55: =IF(NOT(ISERROR(HLOOKUP(Standings!BJ$3,Entries!$C24:$K24,1,FALSE))),"x",IF(NOT(ISERROR(HLOOKUP(Standings!BJ$3,Entries!$L24:$L24,1,FALSE))),"S","")) | BK55: =IF(NOT(ISERROR(HLOOKUP(Standings!BK$3,Entries!$C24:$K24,1,FALSE))),"x",IF(NOT(ISERROR(HLOOKUP(Standings!BK$3,Entries!$L24:$L24,1,FALSE))),"S","")) -> x | BL55: =IF(NOT(ISERROR(HLOOKUP(Standings!BL$3,Entries!$C24:$K24,1,FALSE))),"x",IF(NOT(ISERROR(HLOOKUP(Standings!BL$3,Entries!$L24:$L24,1,FALSE))),"S","")) | BM55: =IF(NOT(ISERROR(HLOOKUP(Standings!BM$3,Entries!$C24:$K24,1,FALSE))),"x",IF(NOT(ISERROR(HLOOKUP(Standings!BM$3,Entries!$L24:$L24,1,FALSE))),"S","")) | BN55: =IF(NOT(ISERROR(HLOOKUP(Standings!BN$3,Entries!$C24:$K24,1,FALSE))),"x",IF(NOT(ISERROR(HLOOKUP(Standings!BN$3,Entries!$L24:$L24,1,FALSE))),"S","")) | ... DB55: =IF(NOT(ISERROR(HLOOKUP(Standings!DB$3,Entries!$C24:$K24,1,FALSE))),"x",IF(NOT(ISERROR(HLOOKUP(Standings!DB$3,Entries!$L24:$L24,1,FALSE))),"S",""))
B56: 41 | C56: =Entries!B25 -> Tim Armbrustmacher1 | D56: =IF(C56="","",RANK(E56,$E$10:$E$111)) -> 32 | E56: =IF(C56="","",ROUND(SUM(F56:AK56),0)) -> 4 | F56: =IF(BG56="","",IF(BG56="x",F$6,0)+IF(BG56="S",-F$6-0.00001,0)) | G56: =IF(BH56="","",IF(BH56="x",G$6,0)+IF(BH56="S",-G$6-0.00001,0)) | H56: =IF(BI56="","",IF(BI56="x",H$6,0)+IF(BI56="S",-H$6-0.00001,0)) | I56: =IF(BJ56="","",IF(BJ56="x",I$6,0)+IF(BJ56="S",-I$6-0.00001,0)) | J56: =IF(BK56="","",IF(BK56="x",J$6,0)+IF(BK56="S",-J$6-0.00001,0)) | K56: =IF(BL56="","",IF(BL56="x",K$6,0)+IF(BL56="S",-K$6-0.00001,0)) -> 1 | L56: =IF(BM56="","",IF(BM56="x",L$6,0)+IF(BM56="S",-L$6-0.00001,0)) | M56: =IF(BN56="","",IF(BN56="x",M$6,0)+IF(BN56="S",-M$6-0.00001,0)) | ... BA56: =IF(DB56="","",IF(DB56="x",BA$6,0)+IF(DB56="S",-BA$6-0.00001,0)) | BB56: No | BG56: =IF(NOT(ISERROR(HLOOKUP(Standings!BG$3,Entries!$C25:$K25,1,FALSE))),"x",IF(NOT(ISERROR(HLOOKUP(Standings!BG$3,Entries!$L25:$L25,1,FALSE))),"S","")) | BH56: =IF(NOT(ISERROR(HLOOKUP(Standings!BH$3,Entries!$C25:$K25,1,FALSE))),"x",IF(NOT(ISERROR(HLOOKUP(Standings!BH$3,Entries!$L25:$L25,1,FALSE))),"S","")) | BI56: =IF(NOT(ISERROR(HLOOKUP(Standings!BI$3,Entries!$C25:$K25,1,FALSE))),"x",IF(NOT(ISERROR(HLOOKUP(Standings!BI$3,Entries!$L25:$L25,1,FALSE))),"S","")) | BJ56: =IF(NOT(ISERROR(HLOOKUP(Standings!BJ$3,Entries!$C25:$K25,1,FALSE))),"x",IF(NOT(ISERROR(HLOOKUP(Standings!BJ$3,Entries!$L25:$L25,1,FALSE))),"S","")) | BK56: =IF(NOT(ISERROR(HLOOKUP(Standings!BK$3,Entries!$C25:$K25,1,FALSE))),"x",IF(NOT(ISERROR(HLOOKUP(Standings!BK$3,Entries!$L25:$L25,1,FALSE))),"S","")) | BL56: =IF(NOT(ISERROR(HLOOKUP(Standings!BL$3,Entries!$C25:$K25,1,FALSE))),"x",IF(NOT(ISERROR(HLOOKUP(Standings!BL$3,Entries!$L25:$L25,1,FALSE))),"S","")) -> x | BM56: =IF(NOT(ISERROR(HLOOKUP(Standings!BM$3,Entries!$C25:$K25,1,FALSE))),"x",IF(NOT(ISERROR(HLOOKUP(Standings!BM$3,Entries!$L25:$L25,1,FALSE))),"S","")) | BN56: =IF(NOT(ISERROR(HLOOKUP(Standings!BN$3,Entries!$C25:$K25,1,FALSE))),"x",IF(NOT(ISERROR(HLOOKUP(Standings!BN$3,Entries!$L25:$L25,1,FALSE))),"S","")) | ... DB56: =IF(NOT(ISERROR(HLOOKUP(Standings!DB$3,Entries!$C25:$K25,1,FALSE))),"x",IF(NOT(ISERROR(HLOOKUP(Standings!DB$3,Entries!$L25:$L25,1,FALSE))),"S",""))
B57: 4 | C57: =Entries!B26 -> Tim Armbrustmacher2 | D57: =IF(C57="","",RANK(E57,$E$10:$E$111)) -> 71 | E57: =IF(C57="","",ROUND(SUM(F57:AK57),0)) -> 2 | F57: =IF(BG57="","",IF(BG57="x",F$6,0)+IF(BG57="S",-F$6-0.00001,0)) -> 2 | G57: =IF(BH57="","",IF(BH57="x",G$6,0)+IF(BH57="S",-G$6-0.00001,0)) | H57: =IF(BI57="","",IF(BI57="x",H$6,0)+IF(BI57="S",-H$6-0.00001,0)) | I57: =IF(BJ57="","",IF(BJ57="x",I$6,0)+IF(BJ57="S",-I$6-0.00001,0)) | J57: =IF(BK57="","",IF(BK57="x",J$6,0)+IF(BK57="S",-J$6-0.00001,0)) | K57: =IF(BL57="","",IF(BL57="x",K$6,0)+IF(BL57="S",-K$6-0.00001,0)) | L57: =IF(BM57="","",IF(BM57="x",L$6,0)+IF(BM57="S",-L$6-0.00001,0)) -> 1 | M57: =IF(BN57="","",IF(BN57="x",M$6,0)+IF(BN57="S",-M$6-0.00001,0)) | ... BA57: =IF(DB57="","",IF(DB57="x",BA$6,0)+IF(DB57="S",-BA$6-0.00001,0)) | BB57: No | BG57: =IF(NOT(ISERROR(HLOOKUP(Standings!BG$3,Entries!$C26:$K26,1,FALSE))),"x",IF(NOT(ISERROR(HLOOKUP(Standings!BG$3,Entries!$L26:$L26,1,FALSE))),"S","")) -> x | BH57: =IF(NOT(ISERROR(HLOOKUP(Standings!BH$3,Entries!$C26:$K26,1,FALSE))),"x",IF(NOT(ISERROR(HLOOKUP(Standings!BH$3,Entries!$L26:$L26,1,FALSE))),"S","")) | BI57: =IF(NOT(ISERROR(HLOOKUP(Standings!BI$3,Entries!$C26:$K26,1,FALSE))),"x",IF(NOT(ISERROR(HLOOKUP(Standings!BI$3,Entries!$L26:$L26,1,FALSE))),"S","")) | BJ57: =IF(NOT(ISERROR(HLOOKUP(Standings!BJ$3,Entries!$C26:$K26,1,FALSE))),"x",IF(NOT(ISERROR(HLOOKUP(Standings!BJ$3,Entries!$L26:$L26,1,FALSE))),"S","")) | BK57: =IF(NOT(ISERROR(HLOOKUP(Standings!BK$3,Entries!$C26:$K26,1,FALSE))),"x",IF(NOT(ISERROR(HLOOKUP(Standings!BK$3,Entries!$L26:$L26,1,FALSE))),"S","")) | BL57: =IF(NOT(ISERROR(HLOOKUP(Standings!BL$3,Entries!$C26:$K26,1,FALSE))),"x",IF(NOT(ISERROR(HLOOKUP(Standings!BL$3,Entries!$L26:$L26,1,FALSE))),"S","")) | BM57: =IF(NOT(ISERROR(HLOOKUP(Standings!BM$3,Entries!$C26:$K26,1,FALSE))),"x",IF(NOT(ISERROR(HLOOKUP(Standings!BM$3,Entries!$L26:$L26,1,FALSE))),"S","")) -> x | BN57: =IF(NOT(ISERROR(HLOOKUP(Standings!BN$3,Entries!$C26:$K26,1,FALSE))),"x",IF(NOT(ISERROR(HLOOKUP(Standings!BN$3,Entries!$L26:$L26,1,FALSE))),"S","")) | ... DB57: =IF(NOT(ISERROR(HLOOKUP(Standings!DB$3,Entries!$C26:$K26,1,FALSE))),"x",IF(NOT(ISERROR(HLOOKUP(Standings!DB$3,Entries!$L26:$L26,1,FALSE))),"S",""))
B58: 17 | C58: =Entries!B27 -> MikePollei1 | D58: =IF(C58="","",RANK(E58,$E$10:$E$111)) -> 81 | E58: =IF(C58="","",ROUND(SUM(F58:AK58),0)) -> 1 | F58: =IF(BG58="","",IF(BG58="x",F$6,0)+IF(BG58="S",-F$6-0.00001,0)) | G58: =IF(BH58="","",IF(BH58="x",G$6,0)+IF(BH58="S",-G$6-0.00001,0)) | H58: =IF(BI58="","",IF(BI58="x",H$6,0)+IF(BI58="S",-H$6-0.00001,0)) | I58: =IF(BJ58="","",IF(BJ58="x",I$6,0)+IF(BJ58="S",-I$6-0.00001,0)) | J58: =IF(BK58="","",IF(BK58="x",J$6,0)+IF(BK58="S",-J$6-0.00001,0)) | K58: =IF(BL58="","",IF(BL58="x",K$6,0)+IF(BL58="S",-K$6-0.00001,0)) | L58: =IF(BM58="","",IF(BM58="x",L$6,0)+IF(BM58="S",-L$6-0.00001,0)) | M58: =IF(BN58="","",IF(BN58="x",M$6,0)+IF(BN58="S",-M$6-0.00001,0)) | ... BA58: =IF(DB58="","",IF(DB58="x",BA$6,0)+IF(DB58="S",-BA$6-0.00001,0)) | BB58: No | BG58: =IF(NOT(ISERROR(HLOOKUP(Standings!BG$3,Entries!$C27:$K27,1,FALSE))),"x",IF(NOT(ISERROR(HLOOKUP(Standings!BG$3,Entries!$L27:$L27,1,FALSE))),"S","")) | BH58: =IF(NOT(ISERROR(HLOOKUP(Standings!BH$3,Entries!$C27:$K27,1,FALSE))),"x",IF(NOT(ISERROR(HLOOKUP(Standings!BH$3,Entries!$L27:$L27,1,FALSE))),"S","")) | BI58: =IF(NOT(ISERROR(HLOOKUP(Standings!BI$3,Entries!$C27:$K27,1,FALSE))),"x",IF(NOT(ISERROR(HLOOKUP(Standings!BI$3,Entries!$L27:$L27,1,FALSE))),"S","")) | BJ58: =IF(NOT(ISERROR(HLOOKUP(Standings!BJ$3,Entries!$C27:$K27,1,FALSE))),"x",IF(NOT(ISERROR(HLOOKUP(Standings!BJ$3,Entries!$L27:$L27,1,FALSE))),"S","")) | BK58: =IF(NOT(ISERROR(HLOOKUP(Standings!BK$3,Entries!$C27:$K27,1,FALSE))),"x",IF(NOT(ISERROR(HLOOKUP(Standings!BK$3,Entries!$L27:$L27,1,FALSE))),"S","")) | BL58: =IF(NOT(ISERROR(HLOOKUP(Standings!BL$3,Entries!$C27:$K27,1,FALSE))),"x",IF(NOT(ISERROR(HLOOKUP(Standings!BL$3,Entries!$L27:$L27,1,FALSE))),"S","")) | BM58: =IF(NOT(ISERROR(HLOOKUP(Standings!BM$3,Entries!$C27:$K27,1,FALSE))),"x",IF(NOT(ISERROR(HLOOKUP(Standings!BM$3,Entries!$L27:$L27,1,FALSE))),"S","")) | BN58: =IF(NOT(ISERROR(HLOOKUP(Standings!BN$3,Entries!$C27:$K27,1,FALSE))),"x",IF(NOT(ISERROR(HLOOKUP(Standings!BN$3,Entries!$L27:$L27,1,FALSE))),"S","")) | ... DB58: =IF(NOT(ISERROR(HLOOKUP(Standings!DB$3,Entries!$C27:$K27,1,FALSE))),"x",IF(NOT(ISERROR(HLOOKUP(Standings!DB$3,Entries!$L27:$L27,1,FALSE))),"S",""))
B59: 71 | C59: =Entries!B28 -> MikePollei2 | D59: =IF(C59="","",RANK(E59,$E$10:$E$111)) -> 97 | E59: =IF(C59="","",ROUND(SUM(F59:AK59),0)) -> -1 | F59: =IF(BG59="","",IF(BG59="x",F$6,0)+IF(BG59="S",-F$6-0.00001,0)) | G59: =IF(BH59="","",IF(BH59="x",G$6,0)+IF(BH59="S",-G$6-0.00001,0)) | H59: =IF(BI59="","",IF(BI59="x",H$6,0)+IF(BI59="S",-H$6-0.00001,0)) | I59: =IF(BJ59="","",IF(BJ59="x",I$6,0)+IF(BJ59="S",-I$6-0.00001,0)) | J59: =IF(BK59="","",IF(BK59="x",J$6,0)+IF(BK59="S",-J$6-0.00001,0)) | K59: =IF(BL59="","",IF(BL59="x",K$6,0)+IF(BL59="S",-K$6-0.00001,0)) | L59: =IF(BM59="","",IF(BM59="x",L$6,0)+IF(BM59="S",-L$6-0.00001,0)) | M59: =IF(BN59="","",IF(BN59="x",M$6,0)+IF(BN59="S",-M$6-0.00001,0)) | ... BA59: =IF(DB59="","",IF(DB59="x",BA$6,0)+IF(DB59="S",-BA$6-0.00001,0)) | BB59: No | BG59: =IF(NOT(ISERROR(HLOOKUP(Standings!BG$3,Entries!$C28:$K28,1,FALSE))),"x",IF(NOT(ISERROR(HLOOKUP(Standings!BG$3,Entries!$L28:$L28,1,FALSE))),"S","")) | BH59: =IF(NOT(ISERROR(HLOOKUP(Standings!BH$3,Entries!$C28:$K28,1,FALSE))),"x",IF(NOT(ISERROR(HLOOKUP(Standings!BH$3,Entries!$L28:$L28,1,FALSE))),"S","")) | BI59: =IF(NOT(ISERROR(HLOOKUP(Standings!BI$3,Entries!$C28:$K28,1,FALSE))),"x",IF(NOT(ISERROR(HLOOKUP(Standings!BI$3,Entries!$L28:$L28,1,FALSE))),"S","")) | BJ59: =IF(NOT(ISERROR(HLOOKUP(Standings!BJ$3,Entries!$C28:$K28,1,FALSE))),"x",IF(NOT(ISERROR(HLOOKUP(Standings!BJ$3,Entries!$L28:$L28,1,FALSE))),"S","")) | BK59: =IF(NOT(ISERROR(HLOOKUP(Standings!BK$3,Entries!$C28:$K28,1,FALSE))),"x",IF(NOT(ISERROR(HLOOKUP(Standings!BK$3,Entries!$L28:$L28,1,FALSE))),"S","")) | BL59: =IF(NOT(ISERROR(HLOOKUP(Standings!BL$3,Entries!$C28:$K28,1,FALSE))),"x",IF(NOT(ISERROR(HLOOKUP(Standings!BL$3,Entries!$L28:$L28,1,FALSE))),"S","")) | BM59: =IF(NOT(ISERROR(HLOOKUP(Standings!BM$3,Entries!$C28:$K28,1,FALSE))),"x",IF(NOT(ISERROR(HLOOKUP(Standings!BM$3,Entries!$L28:$L28,1,FALSE))),"S","")) | BN59: =IF(NOT(ISERROR(HLOOKUP(Standings!BN$3,Entries!$C28:$K28,1,FALSE))),"x",IF(NOT(ISERROR(HLOOKUP(Standings!BN$3,Entries!$L28:$L28,1,FALSE))),"S","")) | ... DB59: =IF(NOT(ISERROR(HLOOKUP(Standings!DB$3,Entries!$C28:$K28,1,FALSE))),"x",IF(NOT(ISERROR(HLOOKUP(Standings!DB$3,Entries!$L28:$L28,1,FALSE))),"S",""))
